[{"pk": 1, "model": "main.test", "fields": {"description": "\u0412\u043e\u043f\u0440\u043e\u0441\u044b \u043f\u043e \u041a\u043e\u043d\u0441\u0442\u0438\u0442\u0443\u0446\u0438\u0438 \u0420\u0424", "name": "\u041a\u043e\u043d\u0441\u0442\u0438\u0442\u0443\u0446\u0438\u044f \u0420\u0424"}}, {"pk": 2, "model": "main.test", "fields": {"description": "\u0412\u043e\u043f\u0440\u043e\u0441\u044b \u043f\u043e \u0422\u041a \u0420\u0424", "name": "\u0422\u041a \u0420\u0424"}}, {"pk": 3, "model": "main.test", "fields": {"description": "\u0412\u043e\u043f\u0440\u043e\u0441\u044b \u043f\u043e \u0421\u0435\u043c\u0435\u0439\u043d\u043e\u043c\u0443 \u041a\u043e\u0434\u0435\u043a\u0441\u0443 \u0420\u0424", "name": "\u0421\u041a \u0420\u0424"}}, {"pk": 1, "model": "main.question", "fields": {"test": 1, "order_by": 10, "text": "\u0413\u043e\u0441\u0443\u0434\u0430\u0440\u0441\u0442\u0432\u0435\u043d\u043d\u043e\u0439 \u0440\u0435\u043b\u0438\u0433\u0438\u0435\u0439 \u0432 \u0420\u043e\u0441\u0441\u0438\u0439\u0441\u043a\u043e\u0439 \u0424\u0435\u0434\u0435\u0440\u0430\u0446\u0438\u0438 \u044f\u0432\u043b\u044f\u0435\u0442\u0441\u044f"}}, {"pk": 2, "model": "main.question", "fields": {"test": 1, "order_by": 20, "text": "\u0412 \u043e\u0444\u0438\u0446\u0438\u0430\u043b\u044c\u043d\u044b\u0445 \u0434\u043e\u043a\u0443\u043c\u0435\u043d\u0442\u0430\u0445 \u043f\u0440\u0430\u0432\u0438\u043b\u044c\u043d\u044b\u043c \u043d\u0430\u0438\u043c\u0435\u043d\u043e\u0432\u0430\u043d\u0438\u0435\u043c \u043d\u0430\u0448\u0435\u0439 \u0441\u0442\u0440\u0430\u043d\u044b \u044f\u0432\u043b\u044f\u0435\u0442\u0441\u044f"}}, {"pk": 3, "model": "main.question", "fields": {"test": 1, "order_by": 30, "text": "\u0414\u0432\u043e\u0439\u043d\u043e\u0435 \u0433\u0440\u0430\u0436\u0434\u0430\u043d\u0441\u0442\u0432\u043e \u0432 \u0420\u043e\u0441\u0441\u0438\u0439\u0441\u043a\u043e\u0439 \u0424\u0435\u0434\u0435\u0440\u0430\u0446\u0438\u0438"}}, {"pk": 4, "model": "main.question", "fields": {"test": 1, "order_by": 10, "text": "\u041c\u0438\u043d\u0438\u043c\u0430\u043b\u044c\u043d\u044b\u0439 \u0440\u0430\u0437\u043c\u0435\u0440 \u043e\u043f\u043b\u0430\u0442\u044b \u0442\u0440\u0443\u0434\u0430  (\u041c\u0420\u041e\u0422) \u0433\u0430\u0440\u0430\u043d\u0442\u0438\u0440\u0443\u0435\u0442\u0441\u044f"}}, {"pk": 5, "model": "main.question", "fields": {"test": 1, "order_by": 10, "text": "\u0415\u0441\u043b\u0438 \u0437\u0430\u043a\u043e\u043d \u043d\u0435 \u043e\u043f\u0443\u0431\u043b\u0438\u043a\u043e\u0432\u0430\u043d, \u0442\u043e \u043e\u043d"}}, {"pk": 6, "model": "main.question", "fields": {"test": 1, "order_by": 10, "text": "\u0410\u043c\u0435\u0440\u0438\u043a\u0430\u043d\u0441\u043a\u0438\u0439 \u0431\u043e\u043a\u0441\u0435\u0440 \u0420\u043e\u0439 \u0414\u0436\u043e\u043d\u0441 \u043f\u043e\u043b\u0443\u0447\u0438\u043b \u0440\u043e\u0441\u0441\u0438\u0439\u0441\u043a\u043e\u0435 \u0433\u0440\u0430\u0436\u0434\u0430\u043d\u0441\u0442\u0432\u043e \u0432 2015 \u0433\u043e\u0434\u0443. \u0421\u043c\u043e\u0436\u0435\u0442 \u043b\u0438 \u043e\u043d \u0431\u0430\u043b\u043b\u043e\u0442\u0438\u0440\u043e\u0432\u0430\u0442\u044c\u0441\u044f \u043d\u0430 \u043f\u043e\u0441\u0442 \u041f\u0440\u0435\u0437\u0438\u0434\u0435\u043d\u0442\u0430 \u0420\u043e\u0441\u0441\u0438\u0439\u0441\u043a\u043e\u0439 \u0424\u0435\u0434\u0435\u0440\u0430\u0446\u0438\u0438 \u0432 2020 \u0433\u043e\u0434\u0443?"}}, {"pk": 7, "model": "main.question", "fields": {"test": 1, "order_by": 10, "text": "\u041c\u043e\u0436\u0435\u0442 \u043b\u0438 \u043f\u0435\u043d\u0441\u0438\u043e\u043d\u0435\u0440 \u0431\u0430\u043b\u043b\u043e\u0442\u0438\u0440\u043e\u0432\u0430\u0442\u044c\u0441\u044f \u043d\u0430 \u043f\u043e\u0441\u0442 \u041f\u0440\u0435\u0437\u0438\u0434\u0435\u043d\u0442\u0430 \u0420\u043e\u0441\u0441\u0438\u0439\u0441\u043a\u043e\u0439 \u0424\u0435\u0434\u0435\u0440\u0430\u0446\u0438\u0438?"}}, {"pk": 8, "model": "main.question", "fields": {"test": 1, "order_by": 10, "text": "\u041f\u0435\u0440\u0432\u043e\u0435 \u0437\u0430\u0441\u0435\u0434\u0430\u043d\u0438\u0435 \u0432\u043d\u043e\u0432\u044c \u0438\u0437\u0431\u0440\u0430\u043d\u043d\u043e\u0439 \u0413\u043e\u0441\u0443\u0434\u0430\u0440\u0441\u0442\u0432\u0435\u043d\u043d\u043e\u0439 \u0414\u0443\u043c\u044b \u043e\u0442\u043a\u0440\u044b\u0432\u0430\u0435\u0442"}}, {"pk": 9, "model": "main.question", "fields": {"test": 1, "order_by": 10, "text": "\u0418\u043c\u0435\u0435\u0442 \u043b\u0438 \u043f\u0440\u0430\u0432\u043e \u0441\u043e\u0442\u0440\u0443\u0434\u043d\u0438\u043a \u043f\u043e\u043b\u0438\u0446\u0438\u0438 \u0432\u043e\u0439\u0442\u0438 \u0432 \u043a\u0432\u0430\u0440\u0442\u0438\u0440\u0443 \u043f\u0440\u043e\u0442\u0438\u0432 \u0432\u043e\u043b\u0438 \u043f\u0440\u043e\u0436\u0438\u0432\u0430\u044e\u0449\u0438\u0445 \u0432 \u043d\u0435\u0439?"}}, {"pk": 10, "model": "main.question", "fields": {"test": 1, "order_by": 10, "text": "\u0417\u0430 \u043d\u0435\u043a\u043e\u0442\u043e\u0440\u043e\u0435 \u043f\u0440\u0435\u0441\u0442\u0443\u043f\u043b\u0435\u043d\u0438\u0435 \u043d\u0430 \u043c\u043e\u043c\u0435\u043d\u0442 \u0435\u0433\u043e \u0441\u043e\u0432\u0435\u0440\u0448\u0435\u043d\u0438\u044f \u0431\u044b\u043b\u043e \u043f\u0440\u0435\u0434\u0443\u0441\u043c\u043e\u0442\u0440\u0435\u043d\u043e \u043d\u0430\u043a\u0430\u0437\u0430\u043d\u0438\u0435 \u0432 \u0432\u0438\u0434\u0435 \u043b\u0438\u0448\u0435\u043d\u0438\u044f \u0441\u0432\u043e\u0431\u043e\u0434\u044b \u043d\u0430 2 \u0433\u043e\u0434\u0430, \u043d\u043e \u043d\u0430 \u043c\u043e\u043c\u0435\u043d\u0442 \u0440\u0430\u0441\u0441\u043c\u043e\u0442\u0440\u0435\u043d\u0438\u044f \u0434\u0435\u043b\u0430 \u0441\u0443\u0434\u043e\u043c \u0437\u0430\u043a\u043e\u043d \u0431\u044b\u043b \u0438\u0437\u043c\u0435\u043d\u0435\u043d, \u0438 \u043c\u0430\u043a\u0441\u0438\u043c\u0430\u043b\u044c\u043d\u044b\u0439 \u0441\u0440\u043e\u043a \u043b\u0438\u0448\u0435\u043d\u0438\u044f \u0441\u0432\u043e\u0431\u043e\u0434\u044b \u0437\u0430 \u044d\u0442\u043e \u043f\u0440\u0435\u0441\u0442\u0443\u043f\u043b\u0435\u043d\u0438\u0435 \u0431\u044b\u043b \u043e\u043f\u0440\u0435\u0434\u0435\u043b\u0435\u043d \u0432 1 \u0433\u043e\u0434. \u041a \u043a\u0430\u043a\u043e\u043c\u0443 \u043c\u0430\u043a\u0441\u0438\u043c\u0430\u043b\u044c\u043d\u043e\u043c\u0443 \u0441\u0440\u043e\u043a\u0443 \u043b\u0438\u0448\u0435\u043d\u0438\u044f \u0441\u0432\u043e\u0431\u043e\u0434\u044b \u043c\u043e\u0436\u0435\u0442 \u0431\u044b\u0442\u044c \u043f\u0440\u0438\u0433\u043e\u0432\u043e\u0440\u0435\u043d \u043f\u0440\u0435\u0441\u0442\u0443\u043f\u043d\u0438\u043a?"}}, {"pk": 11, "model": "main.question", "fields": {"test": 2, "order_by": 10, "text": "\u0420\u0443\u043a\u043e\u0432\u043e\u0434\u0441\u0442\u0432\u043e \u0442\u0440\u0435\u0431\u0443\u0435\u0442 \u043e\u0442 \u0412\u0430\u0441 \u043f\u043e\u0434\u043f\u0438\u0441\u0430\u0442\u044c \u0441\u043e\u0433\u043b\u0430\u0441\u0438\u0435 \u043e \u043f\u0435\u0440\u0435\u0445\u043e\u0434\u0435 \u043d\u0430 \u0441\u043e\u043a\u0440\u0430\u0449\u0435\u043d\u043d\u0443\u044e \u0440\u0430\u0431\u043e\u0447\u0443\u044e \u043d\u0435\u0434\u0435\u043b\u044e \u0441 \u043f\u0440\u043e\u043f\u043e\u0440\u0446\u0438\u043e\u043d\u0430\u043b\u044c\u043d\u044b\u043c \u0443\u043c\u0435\u043d\u044c\u0448\u0435\u043d\u0438\u0435\u043c \u0437\u0430\u0440\u0430\u0431\u043e\u0442\u043d\u043e\u0439 \u043f\u043b\u0430\u0442\u044b \u0441\u043e \u0441\u043b\u0435\u0434\u0443\u044e\u0449\u0435\u0439 \u043d\u0435\u0434\u0435\u043b\u0438. \u0412 \u043f\u0440\u043e\u0442\u0438\u0432\u043d\u043e\u043c \u0441\u043b\u0443\u0447\u0430\u0435 \u0442\u0440\u0435\u0431\u0443\u0435\u0442 \u043d\u0430\u043f\u0438\u0441\u0430\u0442\u044c \u0437\u0430\u044f\u0432\u043b\u0435\u043d\u0438\u0435 \u043e\u0431 \u0443\u0432\u043e\u043b\u044c\u043d\u0435\u043d\u0438\u0438 \u043f\u043e \u0441\u043e\u0431\u0441\u0442\u0432\u0435\u043d\u043d\u043e\u043c\u0443 \u0436\u0435\u043b\u0430\u043d\u0438\u044e. \u041a\u0430\u043a \u0412\u044b \u043f\u043e\u0441\u0442\u0443\u043f\u0438\u0442\u0435?"}}, {"pk": 12, "model": "main.question", "fields": {"test": 2, "order_by": 10, "text": "\u041f\u043e\u0441\u043b\u0435 \u043f\u0440\u043e\u0445\u043e\u0436\u0434\u0435\u043d\u0438\u044f \u0441\u043e\u0431\u0435\u0441\u0435\u0434\u043e\u0432\u0430\u043d\u0438\u044f \u043d\u0430 \u043d\u043e\u0432\u043e\u043c \u043c\u0435\u0441\u0442\u0435 \u0440\u0430\u0431\u043e\u0442\u044b \u0440\u0430\u0431\u043e\u0442\u043e\u0434\u0430\u0442\u0435\u043b\u044c \u0432\u044b\u0441\u043b\u0430\u043b \u0412\u0430\u043c \u043e\u0444\u0438\u0446\u0438\u0430\u043b\u044c\u043d\u043e\u0435 \u043f\u0440\u0435\u0434\u043b\u043e\u0436\u0435\u043d\u0438\u0435 \u043e \u0440\u0430\u0431\u043e\u0442\u0435. \u041e\u0434\u043d\u0430\u043a\u043e \u0447\u0435\u0440\u0435\u0437 \u043d\u0435\u0441\u043a\u043e\u043b\u044c\u043a\u043e \u0434\u043d\u0435\u0439 \u0443\u0432\u0435\u0434\u043e\u043c\u0438\u043b \u0412\u0430\u0441 \u043f\u043e \u044d\u043b\u0435\u043a\u0442\u0440\u043e\u043d\u043d\u043e\u0439 \u043f\u043e\u0447\u0442\u0435, \u0447\u0442\u043e, \u043a \u0441\u043e\u0436\u0430\u043b\u0435\u043d\u0438\u044e, \u0432\u0430\u043a\u0430\u043d\u0441\u0438\u044f \u0437\u0430\u043a\u0440\u044b\u0442\u0430 \u0438 \u043f\u0440\u0435\u0434\u043b\u043e\u0436\u0435\u043d\u0438\u0435 \u043e \u0440\u0430\u0431\u043e\u0442\u0435 \u0430\u043d\u043d\u0443\u043b\u0438\u0440\u043e\u0432\u0430\u043d\u043e. \u0412\u0430\u0448\u0438 \u0434\u0435\u0439\u0441\u0442\u0432\u0438\u044f?"}}, {"pk": 13, "model": "main.question", "fields": {"test": 2, "order_by": 10, "text": "\u0420\u0430\u0431\u043e\u0442\u043e\u0434\u0430\u0442\u0435\u043b\u044c \u0437\u0430\u0434\u0435\u0440\u0436\u0438\u0432\u0430\u0435\u0442 \u0437\u0430\u0440\u0430\u0431\u043e\u0442\u043d\u0443\u044e \u043f\u043b\u0430\u0442\u0443 \u043d\u0430 \u043d\u0435\u0434\u0435\u043b\u044e. \u0420\u0430\u0431\u043e\u0442\u043d\u0438\u043a \u043f\u0440\u0438\u043d\u0438\u043c\u0430\u0435\u0442 \u0440\u0435\u0448\u0435\u043d\u0438\u0435 \u043d\u0435 \u0432\u044b\u0445\u043e\u0434\u0438\u0442\u044c \u0431\u043e\u043b\u044c\u0448\u0435 \u043d\u0430 \u0440\u0430\u0431\u043e\u0442\u0443 \u0434\u043e \u0440\u0430\u0437\u0440\u0435\u0448\u0435\u043d\u0438\u044f \u0441\u0438\u0442\u0443\u0430\u0446\u0438\u0438. \u041f\u0440\u0430\u0432 \u043b\u0438 \u043e\u043d?"}}, {"pk": 14, "model": "main.question", "fields": {"test": 2, "order_by": 10, "text": "\u041e\u0434\u0438\u043d \u0438\u0437 \u0412\u0430\u0448\u0438\u0445 \u043a\u043e\u043b\u043b\u0435\u0433 \u0437\u0430\u0431\u043e\u043b\u0435\u043b. \u0420\u0430\u0431\u043e\u0442\u043e\u0434\u0430\u0442\u0435\u043b\u044c \u0442\u0440\u0435\u0431\u0443\u0435\u0442, \u0447\u0442\u043e\u0431\u044b \u0432\u044b \u043f\u043e\u043c\u0438\u043c\u043e \u0441\u0432\u043e\u0435\u0439 \u0440\u0430\u0431\u043e\u0442\u044b \u0432\u044b\u043f\u043e\u043b\u043d\u044f\u043b\u0438 \u0438 \u0435\u0433\u043e \u043e\u0431\u044f\u0437\u0430\u043d\u043d\u043e\u0441\u0442\u0438, \u043e\u0431\u044a\u044f\u0441\u043d\u044f\u044f \u044d\u0442\u043e \u043f\u0440\u043e\u0438\u0437\u0432\u043e\u0434\u0441\u0442\u0432\u0435\u043d\u043d\u043e\u0439 \u043d\u0435\u043e\u0431\u0445\u043e\u0434\u0438\u043c\u043e\u0441\u0442\u044c\u044e. \u0412\u0430\u0448\u0438 \u0434\u0435\u0439\u0441\u0442\u0432\u0438\u044f?"}}, {"pk": 15, "model": "main.question", "fields": {"test": 2, "order_by": 10, "text": "\u041f\u043e\u0441\u043b\u0435 \u0437\u0430\u043a\u043b\u044e\u0447\u0435\u043d\u0438\u044f \u0442\u0440\u0443\u0434\u043e\u0432\u043e\u0433\u043e \u0434\u043e\u0433\u043e\u0432\u043e\u0440\u0430 \u0440\u0435\u043a\u0432\u0438\u0437\u0438\u0442\u044b \u043e\u0440\u0433\u0430\u043d\u0438\u0437\u0430\u0446\u0438\u0438 (\u0435\u0435 \u043d\u0430\u0437\u0432\u0430\u043d\u0438\u0435, \u0418\u041d\u041d) \u0438\u0437\u043c\u0435\u043d\u0438\u043b\u0438\u0441\u044c. \u041f\u0440\u0438 \u0443\u0432\u043e\u043b\u044c\u043d\u0435\u043d\u0438\u0438 \u0440\u0430\u0431\u043e\u0442\u043d\u0438\u043a\u0430 \u043f\u043e \u0441\u043e\u043a\u0440\u0430\u0449\u0435\u043d\u0438\u044e \u0448\u0442\u0430\u0442\u043e\u0432 \u0440\u0430\u0431\u043e\u0442\u043e\u0434\u0430\u0442\u0435\u043b\u044c \u043e\u0442\u043a\u0430\u0437\u044b\u0432\u0430\u0435\u0442\u0441\u044f \u0432\u044b\u043f\u043b\u0430\u0447\u0438\u0432\u0430\u0442\u044c \u0432\u044b\u0445\u043e\u0434\u043d\u043e\u0435 \u043f\u043e\u0441\u043e\u0431\u0438\u0435, \u043e\u0431\u044a\u044f\u0441\u043d\u044f\u044f \u044d\u0442\u043e \u0442\u0435\u043c, \u0447\u0442\u043e \u0442\u0440\u0443\u0434\u043e\u0432\u043e\u0439 \u0434\u043e\u0433\u043e\u0432\u043e\u0440 \u0431\u044b\u043b \u0437\u0430\u043a\u043b\u044e\u0447\u0435\u043d \u0444\u043e\u0440\u043c\u0430\u043b\u044c\u043d\u043e \"\u0441 \u0434\u0440\u0443\u0433\u043e\u0439 \u043e\u0440\u0433\u0430\u043d\u0438\u0437\u0430\u0446\u0438\u0435\u0439\" \u0438 \"\u043d\u0430\u0434\u043e \u0431\u044b\u043b\u043e \u0432\u043e\u0432\u0440\u0435\u043c\u044f \u043f\u0435\u0440\u0435\u043e\u0444\u043e\u0440\u043c\u0438\u0442\u044c \u0434\u043e\u0433\u043e\u0432\u043e\u0440\". \u041f\u0440\u0430\u0432 \u043b\u0438 \u043e\u043d?"}}, {"pk": 16, "model": "main.question", "fields": {"test": 2, "order_by": 10, "text": "\u0412\u044b \u043f\u043e\u043b\u0443\u0447\u0438\u043b\u0438 \u043f\u043e\u0432\u044b\u0448\u0435\u043d\u0438\u0435 \u043f\u043e \u0441\u043b\u0443\u0436\u0431\u0435. \u0412\u0430\u0448 \u043d\u0430\u0447\u0430\u043b\u044c\u043d\u0438\u043a \u0442\u0440\u0435\u0431\u0443\u0435\u0442 \u043e\u0442 \u0412\u0430\u0441 \u0441\u0434\u0435\u043b\u0430\u0442\u044c \u043d\u0435\u043a\u0443\u044e \u0441\u0440\u043e\u0447\u043d\u0443\u044e \u0440\u0430\u0431\u043e\u0442\u0443 \u043f\u043e\u0441\u043b\u0435 \u043e\u043a\u043e\u043d\u0447\u0430\u043d\u0438\u044f \u0440\u0430\u0431\u043e\u0447\u0435\u0433\u043e \u0432\u0440\u0435\u043c\u0435\u043d\u0438, \u043e\u0431\u044a\u044f\u0441\u043d\u044f\u044f \u044d\u0442\u043e \u0442\u0435\u043c, \u0447\u0442\u043e \"\u0443 \u0432\u0441\u0435\u0445 \u0440\u0443\u043a\u043e\u0432\u043e\u0434\u044f\u0449\u0438\u0445 \u0440\u0430\u0431\u043e\u0442\u043d\u0438\u043a\u043e\u0432 \u043d\u0435\u043d\u043e\u0440\u043c\u0438\u0440\u043e\u0432\u0430\u043d\u043d\u044b\u0439 \u0440\u0430\u0431\u043e\u0447\u0438\u0439 \u0434\u0435\u043d\u044c\". \u041f\u0440\u0430\u0432 \u043b\u0438 \u043e\u043d?"}}, {"pk": 17, "model": "main.question", "fields": {"test": 2, "order_by": 10, "text": "\u041d\u0430 \u043e\u0431\u0449\u0435\u043c \u0441\u043e\u0431\u0440\u0430\u043d\u0438\u0438 \u0440\u0443\u043a\u043e\u0432\u043e\u0434\u0438\u0442\u0435\u043b\u044c \u043e\u0431\u044a\u044f\u0432\u0438\u043b, \u0447\u0442\u043e \u0432 \u0441\u0432\u044f\u0437\u0438 \u0441 \u0444\u0438\u043d\u0430\u043d\u0441\u043e\u0432\u044b\u043c\u0438 \u0442\u0440\u0443\u0434\u043d\u043e\u0441\u0442\u044f\u043c\u0438 \u043f\u0440\u0435\u0434\u043f\u0440\u0438\u044f\u0442\u0438\u0435 \u0437\u0430\u043a\u0440\u044b\u0432\u0430\u0435\u0442\u0441\u044f \u0438 \u043e\u043d \u0433\u0430\u0440\u0430\u043d\u0442\u0438\u0440\u0443\u0435\u0442 \u0442\u043e\u043b\u044c\u043a\u043e \u0432\u044b\u043f\u043b\u0430\u0442\u0443 \u0437\u0430\u0440\u0430\u0431\u043e\u0442\u043d\u043e\u0439 \u043f\u043b\u0430\u0442\u044b \u0437\u0430 \u0442\u0435\u043a\u0443\u0449\u0438\u0439 \u043c\u0435\u0441\u044f\u0446 \u0438 \u043a\u043e\u043c\u043f\u0435\u043d\u0441\u0430\u0446\u0438\u044e \u043d\u0435\u0438\u0441\u043f\u043e\u043b\u044c\u0437\u043e\u0432\u0430\u043d\u043d\u043e\u0433\u043e \u043e\u0442\u043f\u0443\u0441\u043a\u0430. \u0415\u0441\u043b\u0438 \u0440\u0430\u0431\u043e\u0442\u043d\u0438\u043a\u0438 \u043d\u0435 \u0441\u043e\u0433\u043b\u0430\u0441\u044f\u0442\u0441\u044f \u043d\u0430 \u044d\u0442\u0438 \u0443\u0441\u043b\u043e\u0432\u0438\u044f, \u0440\u0443\u043a\u043e\u0432\u043e\u0434\u0441\u0442\u0432\u043e \u043d\u0430\u0447\u043d\u0435\u0442 \u043f\u0440\u043e\u0446\u0435\u0434\u0443\u0440\u0443 \u0431\u0430\u043d\u043a\u0440\u043e\u0442\u0441\u0442\u0432\u0430, \"\u0438 \u0432\u044b \u0432\u0441\u0435 \u0440\u0430\u0432\u043d\u043e \u043d\u0438\u0447\u0435\u0433\u043e \u043d\u0435 \u043f\u043e\u043b\u0443\u0447\u0438\u0442\u0435\". \u0412\u0430\u0448\u0438 \u0434\u0435\u0439\u0441\u0442\u0432\u0438\u044f?"}}, {"pk": 18, "model": "main.question", "fields": {"test": 2, "order_by": 10, "text": "\u0420\u0430\u0431\u043e\u0442\u043d\u0438\u043a \u0443\u0441\u0442\u0440\u043e\u0438\u043b\u0441\u044f \u043d\u0430 \u0440\u0430\u0431\u043e\u0442\u0443 2 \u043c\u0435\u0441\u044f\u0446\u0430 \u043d\u0430\u0437\u0430\u0434. \u041f\u043e \u043d\u0435\u043a\u043e\u0442\u043e\u0440\u044b\u043c \u043e\u0431\u0441\u0442\u043e\u044f\u0442\u0435\u043b\u044c\u0441\u0442\u0432\u0430\u043c \u043e\u043d \u043f\u0440\u043e\u0441\u0438\u0442 \u0440\u0443\u043a\u043e\u0432\u043e\u0434\u0441\u0442\u0432\u043e \u043f\u0440\u0435\u0434\u043e\u0441\u0442\u0430\u0432\u0438\u0442\u044c \u0435\u043c\u0443 \u043e\u043f\u043b\u0430\u0447\u0438\u0432\u0430\u0435\u043c\u044b\u0439 \u043e\u0442\u043f\u0443\u0441\u043a \u043f\u0440\u043e\u0434\u043e\u043b\u0436\u0438\u0442\u0435\u043b\u044c\u043d\u043e\u0441\u0442\u044c\u044e 3 \u0434\u043d\u044f. \u0417\u0430\u043a\u043e\u043d\u043d\u0430 \u043b\u0438 \u0435\u0433\u043e \u043f\u0440\u043e\u0441\u044c\u0431\u0430?"}}, {"pk": 19, "model": "main.question", "fields": {"test": 2, "order_by": 10, "text": "\u041c\u043e\u0436\u0435\u0442 \u043b\u0438 \u0440\u0430\u0431\u043e\u0442\u043d\u0438\u043a \u0442\u0440\u0435\u0431\u043e\u0432\u0430\u0442\u044c \u0443\u0441\u0442\u0430\u043d\u043e\u0432\u043b\u0435\u043d\u0438\u044f \u043c\u0435\u043d\u044c\u0448\u0435\u0433\u043e \u0438\u0441\u043f\u044b\u0442\u0430\u0442\u0435\u043b\u044c\u043d\u043e\u0433\u043e \u0441\u0440\u043e\u043a\u0430 \u043f\u0440\u0438 \u043f\u0440\u0438\u0435\u043c\u0435 \u043d\u0430 \u0440\u0430\u0431\u043e\u0442\u0443?"}}, {"pk": 20, "model": "main.question", "fields": {"test": 2, "order_by": 10, "text": "\u041c\u043e\u0436\u043d\u043e \u043b\u0438 \u0440\u0430\u0441\u0442\u043e\u0440\u0433\u043d\u0443\u0442\u044c \u043f\u043e \u0441\u043e\u0433\u043b\u0430\u0448\u0435\u043d\u0438\u044e \u0441\u0442\u043e\u0440\u043e\u043d \u0442\u0440\u0443\u0434\u043e\u0432\u043e\u0439 \u0434\u043e\u0433\u043e\u0432\u043e\u0440, \u0437\u0430\u043a\u043b\u044e\u0447\u0435\u043d\u043d\u044b\u0439 \u043d\u0430 \u043d\u0435\u043e\u043f\u0440\u0435\u0434\u0435\u043b\u0435\u043d\u043d\u044b\u0439 \u0441\u0440\u043e\u043a?"}}, {"pk": 21, "model": "main.question", "fields": {"test": 3, "order_by": 10, "text": "\u041f\u043e\u0434\u043b\u0435\u0436\u0438\u0442 \u043b\u0438 \u0440\u0430\u0437\u0434\u0435\u043b\u0443 \u043f\u0440\u0438 \u0440\u0430\u0437\u0432\u043e\u0434\u0435 \u0441\u0443\u043f\u0440\u0443\u0433\u043e\u0432 \u0431\u0430\u043d\u043a\u043e\u0432\u0441\u043a\u0438\u0439 \u0432\u043a\u043b\u0430\u0434, \u043e\u0442\u043a\u0440\u044b\u0442\u044b\u0439 \u043d\u0430 \u0438\u043c\u044f \u0440\u0435\u0431\u0435\u043d\u043a\u0430?"}}, {"pk": 22, "model": "main.question", "fields": {"test": 3, "order_by": 10, "text": "\u041e\u0441\u043d\u043e\u0432\u0430\u043d\u0438\u044f\u043c\u0438 \u0434\u043b\u044f \u043e\u043f\u0440\u0435\u0434\u0435\u043b\u0435\u043d\u0438\u044f \u0440\u0430\u0437\u0434\u0435\u043b\u044c\u043d\u043e\u0433\u043e \u043f\u0440\u043e\u0436\u0438\u0432\u0430\u043d\u0438\u044f \u0441\u0443\u043f\u0440\u0443\u0433\u043e\u0432 \u044f\u0432\u043b\u044f\u044e\u0442\u0441\u044f"}}, {"pk": 23, "model": "main.question", "fields": {"test": 3, "order_by": 10, "text": "\u041e\u0434\u0438\u043d \u0438\u0437 \u0441\u0443\u043f\u0440\u0443\u0433\u043e\u0432 \u043f\u043e\u043b\u0443\u0447\u0430\u0435\u0442 \u043f\u043e \u043d\u0430\u0441\u043b\u0435\u0434\u0441\u0442\u0432\u0443 \u043a\u0432\u0430\u0440\u0442\u0438\u0440\u0443. \u0411\u0443\u0434\u0435\u0442 \u043b\u0438 \u044d\u0442\u043e \u0438\u043c\u0443\u0449\u0435\u0441\u0442\u0432\u043e \u0441\u0447\u0438\u0442\u0430\u0442\u044c\u0441\u044f \u0441\u043e\u0432\u043c\u0435\u0441\u0442\u043d\u043e \u043d\u0430\u0436\u0438\u0442\u044b\u043c \u0432 \u0431\u0440\u0430\u043a\u0435?"}}, {"pk": 24, "model": "main.question", "fields": {"test": 3, "order_by": 10, "text": "\u041c\u043e\u0436\u0435\u0442 \u043b\u0438 \u0431\u0440\u0430\u0447\u043d\u044b\u0439 \u0434\u043e\u0433\u043e\u0432\u043e\u0440 \u043a\u0430\u0441\u0430\u0442\u044c\u0441\u044f \u0431\u0443\u0434\u0443\u0449\u0435\u0433\u043e \u0438\u043c\u0443\u0449\u0435\u0441\u0442\u0432\u0430 \u0441\u0443\u043f\u0440\u0443\u0433\u043e\u0432?"}}, {"pk": 25, "model": "main.question", "fields": {"test": 3, "order_by": 10, "text": " \u041a\u0430\u043a\u043e\u0432 \u0441\u0440\u043e\u043a \u0438\u0441\u043a\u043e\u0432\u043e\u0439 \u0434\u0430\u0432\u043d\u043e\u0441\u0442\u0438 \u043f\u0440\u0438 \u0443\u0441\u0442\u0430\u043d\u043e\u0432\u043b\u0435\u043d\u0438\u0438 \u043e\u0442\u0446\u043e\u0432\u0441\u0442\u0432\u0430?"}}, {"pk": 26, "model": "main.question", "fields": {"test": 3, "order_by": 10, "text": "\u041c\u043e\u0433\u0443\u0442 \u043b\u0438 \u0430\u043b\u0438\u043c\u0435\u043d\u0442\u044b \u0431\u044b\u0442\u044c \u0432\u0437\u044b\u0441\u043a\u0430\u043d\u044b \u0440\u043e\u0434\u0438\u0442\u0435\u043b\u044f\u043c\u0438 \u0432 \u043e\u0442\u043d\u043e\u0448\u0435\u043d\u0438\u0438 \u0441\u0432\u043e\u0438\u0445 \u0434\u0435\u0442\u0435\u0439?"}}, {"pk": 27, "model": "main.question", "fields": {"test": 3, "order_by": 10, "text": "\u0411\u044b\u0432\u0448\u0438\u0435 \u0441\u0443\u043f\u0440\u0443\u0433\u0438 \u0432\u043f\u0440\u0430\u0432\u0435 \u0432\u0441\u0442\u0443\u043f\u0438\u0442\u044c \u0432 \u043d\u043e\u0432\u044b\u0439 \u0431\u0440\u0430\u043a \u0441 \u043c\u043e\u043c\u0435\u043d\u0442\u0430"}}, {"pk": 28, "model": "main.question", "fields": {"test": 3, "order_by": 10, "text": "\u041a\u043e\u0433\u0434\u0430 \u043c\u043e\u0436\u0435\u0442 \u0431\u044b\u0442\u044c \u0437\u0430\u043a\u043b\u044e\u0447\u0435\u043d \u0431\u0440\u0430\u0447\u043d\u044b\u0439 \u0434\u043e\u0433\u043e\u0432\u043e\u0440?"}}, {"pk": 29, "model": "main.question", "fields": {"test": 3, "order_by": 10, "text": "\u0421 \u043a\u0430\u043a\u043e\u0433\u043e \u0432\u043e\u0437\u0440\u0430\u0441\u0442\u0430 \u0432 \u0441\u0443\u0434\u0435 \u043e\u0431\u044f\u0437\u0430\u0442\u0435\u043b\u044c\u043d\u043e \u0443\u0447\u0438\u0442\u044b\u0432\u0430\u044e\u0442\u0441\u044f \u043f\u043e\u043a\u0430\u0437\u0430\u043d\u0438\u044f \u043d\u0435\u0441\u043e\u0432\u0435\u0440\u0448\u0435\u043d\u043d\u043e\u043b\u0435\u0442\u043d\u0435\u0433\u043e \u0440\u0435\u0431\u0435\u043d\u043a\u0430?"}}, {"pk": 30, "model": "main.question", "fields": {"test": 3, "order_by": 10, "text": "\u041f\u0440\u0438 \u0437\u0430\u043a\u043b\u044e\u0447\u0435\u043d\u0438\u0438 \u0431\u0440\u0430\u043a\u0430 \u0436\u0435\u043d\u0430 \u0445\u043e\u0442\u0435\u043b\u0430 \u0431\u044b \u043f\u0440\u0438\u0441\u043e\u0435\u0434\u0438\u043d\u0438\u0442\u044c \u0444\u0430\u043c\u0438\u043b\u0438\u044e \u043c\u0443\u0436\u0430 \u043a \u0441\u0432\u043e\u0435\u0439. \u0424\u0430\u043c\u0438\u043b\u0438\u044f \u043c\u0443\u0436\u0430 - \u0420\u0438\u043c\u0441\u043a\u0438\u0439-\u041a\u043e\u0440\u0441\u0430\u043a\u043e\u0432. \u0424\u0430\u043c\u0438\u043b\u0438\u044f \u0436\u0435\u043d\u044b - \u0413\u043b\u0438\u043d\u043a\u0430. \u041a\u0430\u043a \u0431\u0443\u0434\u0435\u0442 \u0437\u0432\u0443\u0447\u0430\u0442\u044c \u043d\u043e\u0432\u0430\u044f \u0444\u0430\u043c\u0438\u043b\u0438\u044f \u0436\u0435\u043d\u044b?"}}, {"pk": 1, "model": "main.answer", "fields": {"title": "\u0434\u043e\u043f\u0443\u0441\u043a\u0430\u0435\u0442\u0441\u044f", "question": 3, "weight": 10}}, {"pk": 2, "model": "main.answer", "fields": {"title": "\u0437\u0430\u043f\u0440\u0435\u0449\u0430\u0435\u0442\u0441\u044f", "question": 3, "weight": 0}}, {"pk": 3, "model": "main.answer", "fields": {"title": "\u0434\u043e\u043f\u0443\u0441\u043a\u0430\u0435\u0442\u0441\u044f \u0442\u043e\u043b\u044c\u043a\u043e \u0434\u043b\u044f \u0433\u0440\u0430\u0436\u0434\u0430\u043d \u043d\u0435\u043a\u043e\u0442\u043e\u0440\u044b\u0445 \u0433\u043e\u0441\u0443\u0434\u0430\u0440\u0441\u0442\u0432", "question": 3, "weight": 0}}, {"pk": 4, "model": "main.answer", "fields": {"title": "\u0420\u043e\u0441\u0441\u0438\u0439\u0441\u043a\u0430\u044f \u0424\u0435\u0434\u0435\u0440\u0430\u0446\u0438\u044f", "question": 2, "weight": 0}}, {"pk": 5, "model": "main.answer", "fields": {"title": "\u0420\u043e\u0441\u0441\u0438\u044f", "question": 2, "weight": 0}}, {"pk": 6, "model": "main.answer", "fields": {"title": "\u043e\u0431\u0430 \u0432\u0430\u0440\u0438\u0430\u043d\u0442\u0430 \u0434\u043e\u043f\u0443\u0441\u0442\u0438\u043c\u044b", "question": 2, "weight": 10}}, {"pk": 7, "model": "main.answer", "fields": {"title": "\u0445\u0440\u0438\u0441\u0442\u0438\u0430\u043d\u0441\u0442\u0432\u043e", "question": 1, "weight": 0}}, {"pk": 8, "model": "main.answer", "fields": {"title": "\u043f\u0440\u0430\u0432\u043e\u0441\u043b\u0430\u0432\u0438\u0435", "question": 1, "weight": 0}}, {"pk": 9, "model": "main.answer", "fields": {"title": "\u0438\u0441\u043b\u0430\u043c", "question": 1, "weight": 0}}, {"pk": 10, "model": "main.answer", "fields": {"title": "\u043d\u0438 \u043e\u0434\u043d\u0430 \u0438\u0437 \u043f\u0435\u0440\u0435\u0447\u0438\u0441\u043b\u0435\u043d\u043d\u044b\u0445", "question": 1, "weight": 10}}, {"pk": 11, "model": "main.answer", "fields": {"title": "\u041a\u043e\u043d\u0441\u0442\u0438\u0442\u0443\u0446\u0438\u0435\u0439 \u0420\u0424", "question": 4, "weight": 10}}, {"pk": 12, "model": "main.answer", "fields": {"title": "\u0422\u0440\u0443\u0434\u043e\u0432\u044b\u043c \u041a\u043e\u0434\u0435\u043a\u0441\u043e\u043c \u0420\u0424", "question": 4, "weight": 0}}, {"pk": 13, "model": "main.answer", "fields": {"title": "\u0442\u0440\u0443\u0434\u043e\u0432\u044b\u043c \u0434\u043e\u0433\u043e\u0432\u043e\u0440\u043e\u043c", "question": 4, "weight": 0}}, {"pk": 14, "model": "main.answer", "fields": {"title": "\u0432\u0441\u0435 \u0440\u0430\u0432\u043d\u043e \u043f\u0440\u0438\u043c\u0435\u043d\u044f\u0435\u0442\u0441\u044f, \u0438 \u0435\u0433\u043e \u043d\u0435\u0437\u043d\u0430\u043d\u0438\u0435 \u043d\u0435 \u043e\u0441\u0432\u043e\u0431\u043e\u0436\u0434\u0430\u0435\u0442 \u043e\u0442 \u043e\u0442\u0432\u0435\u0442\u0441\u0442\u0432\u0435\u043d\u043d\u043e\u0441\u0442\u0438", "question": 5, "weight": 0}}, {"pk": 15, "model": "main.answer", "fields": {"title": "\u043d\u0435 \u043f\u0440\u0438\u043c\u0435\u043d\u044f\u0435\u0442\u0441\u044f", "question": 5, "weight": 10}}, {"pk": 16, "model": "main.answer", "fields": {"title": "\u043f\u0440\u0438\u043c\u0435\u043d\u044f\u0435\u0442\u0441\u044f \u0441 \u043e\u0433\u0440\u0430\u043d\u0438\u0447\u0435\u043d\u0438\u044f\u043c\u0438", "question": 5, "weight": 0}}, {"pk": 17, "model": "main.answer", "fields": {"title": "\u0441\u043c\u043e\u0436\u0435\u0442", "question": 6, "weight": 0}}, {"pk": 18, "model": "main.answer", "fields": {"title": "\u043d\u0435 \u0441\u043c\u043e\u0436\u0435\u0442", "question": 6, "weight": 10}}, {"pk": 20, "model": "main.answer", "fields": {"title": "\u043c\u043e\u0436\u0435\u0442", "question": 7, "weight": 10}}, {"pk": 21, "model": "main.answer", "fields": {"title": "\u043d\u0435 \u043c\u043e\u0436\u0435\u0442", "question": 7, "weight": 0}}, {"pk": 22, "model": "main.answer", "fields": {"title": "\u0441\u043c\u043e\u0436\u0435\u0442, \u0435\u0441\u043b\u0438 \u043f\u0440\u043e\u0439\u0434\u0435\u0442 \u0441\u043b\u0443\u0436\u0431\u0443 \u043f\u043e \u043a\u043e\u043d\u0442\u0440\u0430\u043a\u0442\u0443 \u0432 \u0412\u0421 \u0420\u043e\u0441\u0441\u0438\u0438", "question": 6, "weight": 0}}, {"pk": 23, "model": "main.answer", "fields": {"title": "\u041f\u0440\u0435\u0437\u0438\u0434\u0435\u043d\u0442 \u0420\u043e\u0441\u0441\u0438\u0439\u0441\u043a\u043e\u0439 \u0424\u0435\u0434\u0435\u0440\u0430\u0446\u0438\u0438", "question": 8, "weight": 0}}, {"pk": 24, "model": "main.answer", "fields": {"title": "\u041f\u0440\u0435\u0434\u0441\u0435\u0434\u0430\u0442\u0435\u043b\u044c \u041f\u0440\u0430\u0432\u0438\u0442\u0435\u043b\u044c\u0441\u0442\u0432\u0430 \u0420\u043e\u0441\u0441\u0438\u0439\u0441\u043a\u043e\u0439 \u0424\u0435\u0434\u0435\u0440\u0430\u0446\u0438\u0438", "question": 8, "weight": 0}}, {"pk": 25, "model": "main.answer", "fields": {"title": "\u0441\u0442\u0430\u0440\u0435\u0439\u0448\u0438\u0439 \u043f\u043e \u0432\u043e\u0437\u0440\u0430\u0441\u0442\u0443 \u0434\u0435\u043f\u0443\u0442\u0430\u0442", "question": 8, "weight": 10}}, {"pk": 26, "model": "main.answer", "fields": {"title": "\u0438\u043c\u0435\u0435\u0442", "question": 9, "weight": 0}}, {"pk": 27, "model": "main.answer", "fields": {"title": "\u043d\u0435 \u0438\u043c\u0435\u0435\u0442", "question": 9, "weight": 0}}, {"pk": 28, "model": "main.answer", "fields": {"title": "\u0438\u043c\u0435\u0435\u0442, \u043d\u043e \u0442\u043e\u043b\u044c\u043a\u043e \u0432 \u043e\u0441\u043e\u0431\u044b\u0445 \u0441\u043b\u0443\u0447\u0430\u044f\u0445", "question": 9, "weight": 10}}, {"pk": 29, "model": "main.answer", "fields": {"title": "2 \u0433\u043e\u0434\u0430", "question": 10, "weight": 0}}, {"pk": 30, "model": "main.answer", "fields": {"title": "1 \u0433\u043e\u0434", "question": 10, "weight": 10}}, {"pk": 31, "model": "main.answer", "fields": {"title": "\u0441\u043e\u0433\u043b\u0430\u0448\u0443\u0441\u044c", "question": 11, "weight": 0}}, {"pk": 32, "model": "main.answer", "fields": {"title": "\u043d\u0430\u043f\u0438\u0448\u0443 \u0437\u0430\u044f\u0432\u043b\u0435\u043d\u0438\u0435 \u043e\u0431 \u0443\u0432\u043e\u043b\u044c\u043d\u0435\u043d\u0438\u0438 \u043f\u043e \u0441\u043e\u0431\u0441\u0442\u0432\u0435\u043d\u043d\u043e\u043c\u0443 \u0436\u0435\u043b\u0430\u043d\u0438\u044e", "question": 11, "weight": 0}}, {"pk": 33, "model": "main.answer", "fields": {"title": "\u043d\u0430\u043f\u0438\u0448\u0443 \u0436\u0430\u043b\u043e\u0431\u0443 \u0432 \u0442\u0440\u0443\u0434\u043e\u0432\u0443\u044e \u0438\u043d\u0441\u043f\u0435\u043a\u0446\u0438\u044e", "question": 11, "weight": 5}}, {"pk": 34, "model": "main.answer", "fields": {"title": "\u043f\u043e\u0442\u0440\u0435\u0431\u0443\u044e \u0438\u0437\u043c\u0435\u043d\u0438\u0442\u044c \u0434\u0430\u0442\u0443 \u0444\u0430\u043a\u0442\u0438\u0447\u0435\u0441\u043a\u043e\u0433\u043e \u043f\u0435\u0440\u0435\u0445\u043e\u0434\u0430 \u043d\u0430 \u0441\u043e\u043a\u0440\u0430\u0449\u0435\u043d\u043d\u0443\u044e \u0440\u0430\u0431\u043e\u0447\u0443\u044e \u043d\u0435\u0434\u0435\u043b\u044e", "question": 11, "weight": 10}}, {"pk": 35, "model": "main.answer", "fields": {"title": "\u0431\u0443\u0434\u0443 \u0438\u0441\u043a\u0430\u0442\u044c \u0434\u0440\u0443\u0433\u043e\u0435 \u043c\u0435\u0441\u0442\u043e \u0440\u0430\u0431\u043e\u0442\u044b", "question": 12, "weight": 10}}, {"pk": 36, "model": "main.answer", "fields": {"title": "\u043e\u0431\u0440\u0430\u0449\u0443\u0441\u044c \u0432 \u0442\u0440\u0443\u0434\u043e\u0432\u0443\u044e \u0438\u043d\u0441\u043f\u0435\u043a\u0446\u0438\u044e \u0441 \u0436\u0430\u043b\u043e\u0431\u043e\u0439", "question": 12, "weight": 0}}, {"pk": 37, "model": "main.answer", "fields": {"title": "\u043e\u0431\u0440\u0430\u0449\u0443\u0441\u044c \u0432 \u0441\u0443\u0434", "question": 12, "weight": 0}}, {"pk": 38, "model": "main.answer", "fields": {"title": "\u043f\u0440\u0430\u0432", "question": 13, "weight": 0}}, {"pk": 39, "model": "main.answer", "fields": {"title": "\u043d\u0435 \u043f\u0440\u0430\u0432", "question": 13, "weight": 10}}, {"pk": 40, "model": "main.answer", "fields": {"title": "\u0431\u0443\u0434\u0443 \u0432\u044b\u043f\u043e\u043b\u043d\u044f\u0442\u044c \u043e\u0431\u044f\u0437\u0430\u043d\u043d\u043e\u0441\u0442\u0438 \u043a\u043e\u043b\u043b\u0435\u0433\u0438", "question": 14, "weight": 5}}, {"pk": 41, "model": "main.answer", "fields": {"title": "\u043f\u043e\u0442\u0440\u0435\u0431\u0443\u044e \u043f\u0438\u0441\u044c\u043c\u0435\u043d\u043d\u043e\u0433\u043e \u043e\u0444\u043e\u0440\u043c\u043b\u0435\u043d\u0438\u044f \u0434\u043e\u043f\u043e\u043b\u043d\u0438\u0442\u0435\u043b\u044c\u043d\u043e\u0433\u043e \u0441\u043e\u0433\u043b\u0430\u0448\u0435\u043d\u0438\u044f \u0441 \u0441\u043e\u043e\u0442\u0432\u0435\u0442\u0441\u0442\u0432\u0443\u044e\u0449\u0435\u0439 \u043e\u043f\u043b\u0430\u0442\u043e\u0439", "question": 14, "weight": 10}}, {"pk": 42, "model": "main.answer", "fields": {"title": "\u043e\u0442\u043a\u0430\u0436\u0443\u0441\u044c", "question": 14, "weight": 10}}, {"pk": 43, "model": "main.answer", "fields": {"title": "\u043f\u0440\u0430\u0432", "question": 15, "weight": 0}}, {"pk": 44, "model": "main.answer", "fields": {"title": "\u043d\u0435 \u043f\u0440\u0430\u0432", "question": 15, "weight": 10}}, {"pk": 45, "model": "main.answer", "fields": {"title": "\u043f\u0440\u0430\u0432", "question": 16, "weight": 0}}, {"pk": 46, "model": "main.answer", "fields": {"title": "\u043d\u0435 \u043f\u0440\u0430\u0432", "question": 16, "weight": 0}}, {"pk": 47, "model": "main.answer", "fields": {"title": "\u0432\u043e\u0437\u043c\u043e\u0436\u043d\u043e, \u0447\u0442\u043e \u043f\u0440\u0430\u0432", "question": 16, "weight": 10}}, {"pk": 48, "model": "main.answer", "fields": {"title": "\u0441\u043e\u0433\u043b\u0430\u0441\u0438\u0442\u044c\u0441\u044f \u043d\u0430 \u0443\u0441\u043b\u043e\u0432\u0438\u044f \u0440\u0430\u0431\u043e\u0442\u043e\u0434\u0430\u0442\u0435\u043b\u044f", "question": 17, "weight": 0}}, {"pk": 49, "model": "main.answer", "fields": {"title": "\u043f\u0440\u043e\u0434\u043e\u043b\u0436\u0430\u0442\u044c \u0432\u044b\u043f\u043e\u043b\u043d\u044f\u0442\u044c \u0441\u0432\u043e\u0438 \u043e\u0431\u044f\u0437\u0430\u043d\u043d\u043e\u0441\u0442\u0438", "question": 17, "weight": 10}}, {"pk": 50, "model": "main.answer", "fields": {"title": "\u043e\u0431\u0440\u0430\u0442\u0438\u0442\u044c\u0441\u044f \u0432 \u0441\u0443\u0434", "question": 17, "weight": 0}}, {"pk": 51, "model": "main.answer", "fields": {"title": "\u0437\u0430\u043a\u043e\u043d\u043d\u0430", "question": 18, "weight": 10}}, {"pk": 52, "model": "main.answer", "fields": {"title": "\u043d\u0435 \u0437\u0430\u043a\u043e\u043d\u043d\u0430", "question": 18, "weight": 0}}, {"pk": 53, "model": "main.answer", "fields": {"title": "\u043c\u043e\u0436\u0435\u0442", "question": 19, "weight": 10}}, {"pk": 54, "model": "main.answer", "fields": {"title": "\u043d\u0435 \u043c\u043e\u0436\u0435\u0442", "question": 19, "weight": 0}}, {"pk": 55, "model": "main.answer", "fields": {"title": "\u043c\u043e\u0436\u043d\u043e", "question": 20, "weight": 10}}, {"pk": 56, "model": "main.answer", "fields": {"title": "\u043d\u0435\u043b\u044c\u0437\u044f", "question": 20, "weight": 0}}, {"pk": 57, "model": "main.answer", "fields": {"title": "\u0434\u0430", "question": 21, "weight": 0}}, {"pk": 58, "model": "main.answer", "fields": {"title": "\u043d\u0435\u0442", "question": 21, "weight": 10}}, {"pk": 59, "model": "main.answer", "fields": {"title": "\u0443\u0447\u0435\u0431\u0430 \u0432 \u0434\u0440\u0443\u0433\u043e\u043c \u0433\u043e\u0440\u043e\u0434\u0435", "question": 22, "weight": 0}}, {"pk": 60, "model": "main.answer", "fields": {"title": "\u0441\u043b\u0443\u0436\u0431\u0430 \u0432 \u0430\u0440\u043c\u0438\u0438", "question": 22, "weight": 0}}, {"pk": 61, "model": "main.answer", "fields": {"title": "\u043e\u0442\u0431\u044b\u0432\u0430\u043d\u0438\u0435 \u043d\u0430\u043a\u0430\u0437\u0430\u043d\u0438\u044f \u043f\u043e \u043f\u0440\u0438\u0433\u043e\u0432\u043e\u0440\u0443 \u0441\u0443\u0434\u0430", "question": 22, "weight": 0}}, {"pk": 62, "model": "main.answer", "fields": {"title": "\u043d\u0438\u0447\u0435\u0433\u043e \u0438\u0437 \u043f\u0435\u0440\u0435\u0447\u0438\u0441\u043b\u0435\u043d\u043d\u043e\u0433\u043e", "question": 22, "weight": 10}}, {"pk": 63, "model": "main.answer", "fields": {"title": "\u0434\u0430", "question": 23, "weight": 0}}, {"pk": 64, "model": "main.answer", "fields": {"title": "\u043d\u0435\u0442", "question": 23, "weight": 10}}, {"pk": 65, "model": "main.answer", "fields": {"title": "\u043c\u043e\u0436\u0435\u0442", "question": 24, "weight": 10}}, {"pk": 66, "model": "main.answer", "fields": {"title": "\u043d\u0435 \u043c\u043e\u0436\u0435\u0442", "question": 24, "weight": 0}}, {"pk": 67, "model": "main.answer", "fields": {"title": "\u043c\u043e\u0436\u0435\u0442, \u043d\u043e \u0442\u043e\u043b\u044c\u043a\u043e \u0432 \u043e\u0441\u043e\u0431\u044b\u0445 \u0441\u043b\u0443\u0447\u0430\u044f\u0445", "question": 24, "weight": 0}}, {"pk": 68, "model": "main.answer", "fields": {"title": "3 \u0433\u043e\u0434\u0430", "question": 25, "weight": 0}}, {"pk": 69, "model": "main.answer", "fields": {"title": "5 \u043b\u0435\u0442", "question": 25, "weight": 0}}, {"pk": 70, "model": "main.answer", "fields": {"title": "10 \u043b\u0435\u0442", "question": 25, "weight": 0}}, {"pk": 71, "model": "main.answer", "fields": {"title": "\u043d\u0438 \u043e\u0434\u0438\u043d \u0438\u0437 \u043f\u0435\u0440\u0435\u0447\u0438\u0441\u043b\u0435\u043d\u043d\u044b\u0445", "question": 25, "weight": 10}}, {"pk": 72, "model": "main.answer", "fields": {"title": "\u043c\u043e\u0433\u0443\u0442", "question": 26, "weight": 10}}, {"pk": 73, "model": "main.answer", "fields": {"title": "\u043d\u0435 \u043c\u043e\u0433\u0443\u0442", "question": 26, "weight": 0}}, {"pk": 74, "model": "main.answer", "fields": {"title": "\u043f\u0440\u0435\u043a\u0440\u0430\u0449\u0435\u043d\u0438\u044f \u0441\u043e\u0432\u043c\u0435\u0441\u0442\u043d\u043e\u0433\u043e \u043f\u0440\u043e\u0436\u0438\u0432\u0430\u043d\u0438\u044f", "question": 27, "weight": 0}}, {"pk": 75, "model": "main.answer", "fields": {"title": "\u0440\u0435\u0433\u0438\u0441\u0442\u0440\u0430\u0446\u0438\u0438 \u0440\u0430\u0441\u0442\u043e\u0440\u0436\u0435\u043d\u0438\u044f \u0431\u0440\u0430\u043a\u0430", "question": 27, "weight": 0}}, {"pk": 76, "model": "main.answer", "fields": {"title": "\u043f\u043e\u043b\u0443\u0447\u0435\u043d\u0438\u044f \u0441\u0432\u0438\u0434\u0435\u0442\u0435\u043b\u044c\u0441\u0442\u0432\u0430 \u043e \u0440\u0430\u0441\u0442\u043e\u0440\u0436\u0435\u043d\u0438\u0438 \u0431\u0440\u0430\u043a\u0430", "question": 27, "weight": 10}}, {"pk": 77, "model": "main.answer", "fields": {"title": "\u043d\u0438 \u043e\u0434\u0438\u043d \u0438\u0437 \u043f\u0435\u0440\u0435\u0447\u0438\u0441\u043b\u0435\u043d\u043d\u044b\u0445", "question": 27, "weight": 0}}, {"pk": 78, "model": "main.answer", "fields": {"title": "\u0442\u043e\u043b\u044c\u043a\u043e \u0434\u043e \u0437\u0430\u043a\u043b\u044e\u0447\u0435\u043d\u0438\u044f \u0431\u0440\u0430\u043a\u0430", "question": 28, "weight": 0}}, {"pk": 79, "model": "main.answer", "fields": {"title": "\u0442\u043e\u043b\u044c\u043a\u043e \u043f\u043e\u0441\u043b\u0435 \u0437\u0430\u043a\u043b\u044e\u0447\u0435\u043d\u0438\u044f \u0431\u0440\u0430\u043a\u0430", "question": 28, "weight": 0}}, {"pk": 80, "model": "main.answer", "fields": {"title": "\u043a\u0430\u043a \u0434\u043e, \u0442\u0430\u043a \u0438 \u043f\u043e\u0441\u043b\u0435 \u0437\u0430\u043a\u043b\u044e\u0447\u0435\u043d\u0438\u044f \u0431\u0440\u0430\u043a\u0430", "question": 28, "weight": 10}}, {"pk": 81, "model": "main.answer", "fields": {"title": "\u0432 \u0440\u043e\u0441\u0441\u0438\u0439\u0441\u043a\u043e\u043c \u0437\u0430\u043a\u043e\u043d\u043e\u0434\u0430\u0442\u0435\u043b\u044c\u0441\u0442\u0432\u0435 \u043d\u0435\u0442 \u043f\u043e\u043d\u044f\u0442\u0438\u044f \"\u0431\u0440\u0430\u0447\u043d\u044b\u0439 \u0434\u043e\u0433\u043e\u0432\u043e\u0440\"", "question": 28, "weight": 0}}, {"pk": 82, "model": "main.answer", "fields": {"title": "\u0441 5 \u043b\u0435\u0442", "question": 29, "weight": 0}}, {"pk": 83, "model": "main.answer", "fields": {"title": "\u0441 10 \u043b\u0435\u0442", "question": 29, "weight": 10}}, {"pk": 84, "model": "main.answer", "fields": {"title": "\u043f\u043e\u043a\u0430\u0437\u0430\u043d\u0438\u044f \u043d\u0435\u0441\u043e\u0432\u0435\u0440\u0448\u0435\u043d\u043d\u043e\u043b\u0435\u0442\u043d\u0435\u0433\u043e \u043d\u0435 \u0443\u0447\u0438\u0442\u044b\u0432\u0430\u044e\u0442\u0441\u044f", "question": 29, "weight": 0}}, {"pk": 85, "model": "main.answer", "fields": {"title": "\u0420\u0438\u043c\u0441\u043a\u0430\u044f-\u041a\u043e\u0440\u0441\u0430\u043a\u043e\u0432\u0430-\u0413\u043b\u0438\u043d\u043a\u0430", "question": 30, "weight": 0}}, {"pk": 86, "model": "main.answer", "fields": {"title": "\u0413\u043b\u0438\u043d\u043a\u0430-\u0420\u0438\u043c\u0441\u043a\u0430\u044f-\u041a\u043e\u0440\u0441\u0430\u043a\u043e\u0432\u0430", "question": 30, "weight": 0}}, {"pk": 87, "model": "main.answer", "fields": {"title": "\u0444\u0430\u043c\u0438\u043b\u0438\u0438 \u043c\u0443\u0436\u0430 \u0438 \u0436\u0435\u043d\u044b \u043e\u0431\u044a\u0435\u0434\u0438\u043d\u044f\u0442\u044c \u043d\u0435\u043b\u044c\u0437\u044f", "question": 30, "weight": 0}}, {"pk": 88, "model": "main.answer", "fields": {"title": "\u0420\u0438\u043c\u0441\u043a\u0430\u044f-\u041a\u043e\u0440\u0441\u0430\u043a\u043e\u0432\u0430 \u043b\u0438\u0431\u043e \u0413\u043b\u0438\u043d\u043a\u0430", "question": 30, "weight": 10}}, {"pk": 1, "model": "main.usertestresult", "fields": {"test": 1, "data": "{\"1\":\"0\",\"3\":\"0\",\"2\":\"10\"}", "datetime": "2015-10-28", "user": 1}}, {"pk": 2, "model": "main.usertestresult", "fields": {"test": 1, "data": "{\"4\":\"0\",\"1\":\"10\",\"3\":\"0\",\"2\":\"0\",\"5\":\"10\"}", "datetime": "2015-10-28", "user": 1}}, {"pk": 3, "model": "main.usertestresult", "fields": {"test": 1, "data": "{\"6\":\"0\",\"4\":\"10\",\"1\":\"10\",\"8\":\"0\",\"10\":\"10\",\"9\":\"10\",\"3\":\"10\",\"5\":\"0\",\"7\":\"0\",\"2\":\"10\"}", "datetime": "2015-10-29", "user": 1}}, {"pk": 4, "model": "main.usertestresult", "fields": {"test": 2, "data": "{\"11\":\"5\"}", "datetime": "2015-10-29", "user": 1}}, {"pk": 5, "model": "main.usertestresult", "fields": {"test": 2, "data": "{\"data\":{\"15\":\"10\",\"11\":\"10\",\"14\":\"10\",\"13\":\"10\",\"16\":\"10\",\"12\":\"10\"},\"users\":60,\"max\":60}", "datetime": "2015-10-29", "user": 1}}, {"pk": 6, "model": "main.usertestresult", "fields": {"test": 1, "data": "{\"data\":{\"6\":\"0\",\"4\":\"10\",\"1\":\"10\",\"7\":\"10\",\"9\":\"10\",\"5\":\"10\",\"10\":\"10\",\"3\":\"10\",\"8\":\"10\",\"2\":\"10\"},\"users\":90,\"max\":100}", "datetime": "2015-11-02", "user": 1}}, {"pk": 7, "model": "main.usertestresult", "fields": {"test": 3, "data": "{\"data\":{\"26\":\"10\",\"28\":\"10\",\"25\":\"10\",\"24\":\"10\",\"23\":\"10\",\"21\":\"10\",\"22\":\"10\",\"27\":\"10\"},\"users\":80,\"max\":80}", "datetime": "2015-11-02", "user": 1}}]