[{"model": "main.test", "pk": 1, "fields": {"name": "\u041a\u043e\u043d\u0441\u0442\u0438\u0442\u0443\u0446\u0438\u044f \u0420\u0424", "description": "\u0412\u043e\u043f\u0440\u043e\u0441\u044b \u043f\u043e \u041a\u043e\u043d\u0441\u0442\u0438\u0442\u0443\u0446\u0438\u0438 \u0420\u0424"}}, {"model": "main.test", "pk": 2, "fields": {"name": "\u0422\u041a \u0420\u0424", "description": "\u0412\u043e\u043f\u0440\u043e\u0441\u044b \u043f\u043e \u0422\u041a \u0420\u0424"}}, {"model": "main.question", "pk": 1, "fields": {"test": 1, "order_by": 10, "text": "\u0413\u043e\u0441\u0443\u0434\u0430\u0440\u0441\u0442\u0432\u0435\u043d\u043d\u043e\u0439 \u0440\u0435\u043b\u0438\u0433\u0438\u0435\u0439 \u0432 \u0420\u043e\u0441\u0441\u0438\u0439\u0441\u043a\u043e\u0439 \u0424\u0435\u0434\u0435\u0440\u0430\u0446\u0438\u0438 \u044f\u0432\u043b\u044f\u0435\u0442\u0441\u044f"}}, {"model": "main.question", "pk": 2, "fields": {"test": 1, "order_by": 20, "text": "\u0412 \u043e\u0444\u0438\u0446\u0438\u0430\u043b\u044c\u043d\u044b\u0445 \u0434\u043e\u043a\u0443\u043c\u0435\u043d\u0442\u0430\u0445 \u043f\u0440\u0430\u0432\u0438\u043b\u044c\u043d\u044b\u043c \u043d\u0430\u0438\u043c\u0435\u043d\u043e\u0432\u0430\u043d\u0438\u0435\u043c \u043d\u0430\u0448\u0435\u0439 \u0441\u0442\u0440\u0430\u043d\u044b \u044f\u0432\u043b\u044f\u0435\u0442\u0441\u044f"}}, {"model": "main.question", "pk": 3, "fields": {"test": 1, "order_by": 30, "text": "\u0414\u0432\u043e\u0439\u043d\u043e\u0435 \u0433\u0440\u0430\u0436\u0434\u0430\u043d\u0441\u0442\u0432\u043e \u0432 \u0420\u043e\u0441\u0441\u0438\u0439\u0441\u043a\u043e\u0439 \u0424\u0435\u0434\u0435\u0440\u0430\u0446\u0438\u0438"}}, {"model": "main.question", "pk": 4, "fields": {"test": 1, "order_by": 10, "text": "\u041c\u0438\u043d\u0438\u043c\u0430\u043b\u044c\u043d\u044b\u0439 \u0440\u0430\u0437\u043c\u0435\u0440 \u043e\u043f\u043b\u0430\u0442\u044b \u0442\u0440\u0443\u0434\u0430  (\u041c\u0420\u041e\u0422) \u0433\u0430\u0440\u0430\u043d\u0442\u0438\u0440\u0443\u0435\u0442\u0441\u044f"}}, {"model": "main.question", "pk": 5, "fields": {"test": 1, "order_by": 10, "text": "\u0415\u0441\u043b\u0438 \u0437\u0430\u043a\u043e\u043d \u043d\u0435 \u043e\u043f\u0443\u0431\u043b\u0438\u043a\u043e\u0432\u0430\u043d, \u0442\u043e \u043e\u043d"}}, {"model": "main.question", "pk": 6, "fields": {"test": 1, "order_by": 10, "text": "\u0410\u043c\u0435\u0440\u0438\u043a\u0430\u043d\u0441\u043a\u0438\u0439 \u0431\u043e\u043a\u0441\u0435\u0440 \u0420\u043e\u0439 \u0414\u0436\u043e\u043d\u0441 \u043f\u043e\u043b\u0443\u0447\u0438\u043b \u0440\u043e\u0441\u0441\u0438\u0439\u0441\u043a\u043e\u0435 \u0433\u0440\u0430\u0436\u0434\u0430\u043d\u0441\u0442\u0432\u043e \u0432 2015 \u0433\u043e\u0434\u0443. \u0421\u043c\u043e\u0436\u0435\u0442 \u043b\u0438 \u043e\u043d \u0431\u0430\u043b\u043b\u043e\u0442\u0438\u0440\u043e\u0432\u0430\u0442\u044c\u0441\u044f \u043d\u0430 \u043f\u043e\u0441\u0442 \u041f\u0440\u0435\u0437\u0438\u0434\u0435\u043d\u0442\u0430 \u0420\u043e\u0441\u0441\u0438\u0439\u0441\u043a\u043e\u0439 \u0424\u0435\u0434\u0435\u0440\u0430\u0446\u0438\u0438 \u0432 2020 \u0433\u043e\u0434\u0443?"}}, {"model": "main.question", "pk": 7, "fields": {"test": 1, "order_by": 10, "text": "\u041c\u043e\u0436\u0435\u0442 \u043b\u0438 \u043f\u0435\u043d\u0441\u0438\u043e\u043d\u0435\u0440 \u0431\u0430\u043b\u043b\u043e\u0442\u0438\u0440\u043e\u0432\u0430\u0442\u044c\u0441\u044f \u043d\u0430 \u043f\u043e\u0441\u0442 \u041f\u0440\u0435\u0437\u0438\u0434\u0435\u043d\u0442\u0430 \u0420\u043e\u0441\u0441\u0438\u0439\u0441\u043a\u043e\u0439 \u0424\u0435\u0434\u0435\u0440\u0430\u0446\u0438\u0438?"}}, {"model": "main.question", "pk": 8, "fields": {"test": 1, "order_by": 10, "text": "\u041f\u0435\u0440\u0432\u043e\u0435 \u0437\u0430\u0441\u0435\u0434\u0430\u043d\u0438\u0435 \u0432\u043d\u043e\u0432\u044c \u0438\u0437\u0431\u0440\u0430\u043d\u043d\u043e\u0439 \u0413\u043e\u0441\u0443\u0434\u0430\u0440\u0441\u0442\u0432\u0435\u043d\u043d\u043e\u0439 \u0414\u0443\u043c\u044b \u043e\u0442\u043a\u0440\u044b\u0432\u0430\u0435\u0442"}}, {"model": "main.question", "pk": 9, "fields": {"test": 1, "order_by": 10, "text": "\u0418\u043c\u0435\u0435\u0442 \u043b\u0438 \u043f\u0440\u0430\u0432\u043e \u0441\u043e\u0442\u0440\u0443\u0434\u043d\u0438\u043a \u043f\u043e\u043b\u0438\u0446\u0438\u0438 \u0432\u043e\u0439\u0442\u0438 \u0432 \u043a\u0432\u0430\u0440\u0442\u0438\u0440\u0443 \u043f\u0440\u043e\u0442\u0438\u0432 \u0432\u043e\u043b\u0438 \u043f\u0440\u043e\u0436\u0438\u0432\u0430\u044e\u0449\u0438\u0445 \u0432 \u043d\u0435\u0439?"}}, {"model": "main.question", "pk": 10, "fields": {"test": 1, "order_by": 10, "text": "\u0417\u0430 \u043d\u0435\u043a\u043e\u0442\u043e\u0440\u043e\u0435 \u043f\u0440\u0435\u0441\u0442\u0443\u043f\u043b\u0435\u043d\u0438\u0435 \u043d\u0430 \u043c\u043e\u043c\u0435\u043d\u0442 \u0435\u0433\u043e \u0441\u043e\u0432\u0435\u0440\u0448\u0435\u043d\u0438\u044f \u0431\u044b\u043b\u043e \u043f\u0440\u0435\u0434\u0443\u0441\u043c\u043e\u0442\u0440\u0435\u043d\u043e \u043d\u0430\u043a\u0430\u0437\u0430\u043d\u0438\u0435 \u0432 \u0432\u0438\u0434\u0435 \u043b\u0438\u0448\u0435\u043d\u0438\u044f \u0441\u0432\u043e\u0431\u043e\u0434\u044b \u043d\u0430 2 \u0433\u043e\u0434\u0430, \u043d\u043e \u043d\u0430 \u043c\u043e\u043c\u0435\u043d\u0442 \u0440\u0430\u0441\u0441\u043c\u043e\u0442\u0440\u0435\u043d\u0438\u044f \u0434\u0435\u043b\u0430 \u0441\u0443\u0434\u043e\u043c \u0437\u0430\u043a\u043e\u043d \u0431\u044b\u043b \u0438\u0437\u043c\u0435\u043d\u0435\u043d, \u0438 \u043c\u0430\u043a\u0441\u0438\u043c\u0430\u043b\u044c\u043d\u044b\u0439 \u0441\u0440\u043e\u043a \u043b\u0438\u0448\u0435\u043d\u0438\u044f \u0441\u0432\u043e\u0431\u043e\u0434\u044b \u0437\u0430 \u044d\u0442\u043e \u043f\u0440\u0435\u0441\u0442\u0443\u043f\u043b\u0435\u043d\u0438\u0435 \u0431\u044b\u043b \u043e\u043f\u0440\u0435\u0434\u0435\u043b\u0435\u043d \u0432 1 \u0433\u043e\u0434. \u041a \u043a\u0430\u043a\u043e\u043c\u0443 \u043c\u0430\u043a\u0441\u0438\u043c\u0430\u043b\u044c\u043d\u043e\u043c\u0443 \u0441\u0440\u043e\u043a\u0443 \u043b\u0438\u0448\u0435\u043d\u0438\u044f \u0441\u0432\u043e\u0431\u043e\u0434\u044b \u043c\u043e\u0436\u0435\u0442 \u0431\u044b\u0442\u044c \u043f\u0440\u0438\u0433\u043e\u0432\u043e\u0440\u0435\u043d \u043f\u0440\u0435\u0441\u0442\u0443\u043f\u043d\u0438\u043a?"}}, {"model": "main.question", "pk": 11, "fields": {"test": 2, "order_by": 10, "text": "\u0420\u0443\u043a\u043e\u0432\u043e\u0434\u0441\u0442\u0432\u043e \u0442\u0440\u0435\u0431\u0443\u0435\u0442 \u043e\u0442 \u0412\u0430\u0441 \u043f\u043e\u0434\u043f\u0438\u0441\u0430\u0442\u044c \u0441\u043e\u0433\u043b\u0430\u0441\u0438\u0435 \u043e \u043f\u0435\u0440\u0435\u0445\u043e\u0434\u0435 \u043d\u0430 \u0441\u043e\u043a\u0440\u0430\u0449\u0435\u043d\u043d\u0443\u044e \u0440\u0430\u0431\u043e\u0447\u0443\u044e \u043d\u0435\u0434\u0435\u043b\u044e \u0441 \u043f\u0440\u043e\u043f\u043e\u0440\u0446\u0438\u043e\u043d\u0430\u043b\u044c\u043d\u044b\u043c \u0443\u043c\u0435\u043d\u044c\u0448\u0435\u043d\u0438\u0435\u043c \u0437\u0430\u0440\u0430\u0431\u043e\u0442\u043d\u043e\u0439 \u043f\u043b\u0430\u0442\u044b \u0441\u043e \u0441\u043b\u0435\u0434\u0443\u044e\u0449\u0435\u0439 \u043d\u0435\u0434\u0435\u043b\u0438. \u0412 \u043f\u0440\u043e\u0442\u0438\u0432\u043d\u043e\u043c \u0441\u043b\u0443\u0447\u0430\u0435 \u0442\u0440\u0435\u0431\u0443\u0435\u0442 \u043d\u0430\u043f\u0438\u0441\u0430\u0442\u044c \u0437\u0430\u044f\u0432\u043b\u0435\u043d\u0438\u0435 \u043e\u0431 \u0443\u0432\u043e\u043b\u044c\u043d\u0435\u043d\u0438\u0438 \u043f\u043e \u0441\u043e\u0431\u0441\u0442\u0432\u0435\u043d\u043d\u043e\u043c\u0443 \u0436\u0435\u043b\u0430\u043d\u0438\u044e. \u041a\u0430\u043a \u0412\u044b \u043f\u043e\u0441\u0442\u0443\u043f\u0438\u0442\u0435?"}}, {"model": "main.question", "pk": 12, "fields": {"test": 2, "order_by": 10, "text": "\u041f\u043e\u0441\u043b\u0435 \u043f\u0440\u043e\u0445\u043e\u0436\u0434\u0435\u043d\u0438\u044f \u0441\u043e\u0431\u0435\u0441\u0435\u0434\u043e\u0432\u0430\u043d\u0438\u044f \u043d\u0430 \u043d\u043e\u0432\u043e\u043c \u043c\u0435\u0441\u0442\u0435 \u0440\u0430\u0431\u043e\u0442\u044b \u0440\u0430\u0431\u043e\u0442\u043e\u0434\u0430\u0442\u0435\u043b\u044c \u0432\u044b\u0441\u043b\u0430\u043b \u0412\u0430\u043c \u043e\u0444\u0438\u0446\u0438\u0430\u043b\u044c\u043d\u043e\u0435 \u043f\u0440\u0435\u0434\u043b\u043e\u0436\u0435\u043d\u0438\u0435 \u043e \u0440\u0430\u0431\u043e\u0442\u0435. \u041e\u0434\u043d\u0430\u043a\u043e \u0447\u0435\u0440\u0435\u0437 \u043d\u0435\u0441\u043a\u043e\u043b\u044c\u043a\u043e \u0434\u043d\u0435\u0439 \u0443\u0432\u0435\u0434\u043e\u043c\u0438\u043b \u0412\u0430\u0441 \u043f\u043e \u044d\u043b\u0435\u043a\u0442\u0440\u043e\u043d\u043d\u043e\u0439 \u043f\u043e\u0447\u0442\u0435, \u0447\u0442\u043e, \u043a \u0441\u043e\u0436\u0430\u043b\u0435\u043d\u0438\u044e, \u0432\u0430\u043a\u0430\u043d\u0441\u0438\u044f \u0437\u0430\u043a\u0440\u044b\u0442\u0430 \u0438 \u043f\u0440\u0435\u0434\u043b\u043e\u0436\u0435\u043d\u0438\u0435 \u043e \u0440\u0430\u0431\u043e\u0442\u0435 \u0430\u043d\u043d\u0443\u043b\u0438\u0440\u043e\u0432\u0430\u043d\u043e. \u0412\u0430\u0448\u0438 \u0434\u0435\u0439\u0441\u0442\u0432\u0438\u044f?"}}, {"model": "main.question", "pk": 13, "fields": {"test": 2, "order_by": 10, "text": "\u0420\u0430\u0431\u043e\u0442\u043e\u0434\u0430\u0442\u0435\u043b\u044c \u0437\u0430\u0434\u0435\u0440\u0436\u0438\u0432\u0430\u0435\u0442 \u0437\u0430\u0440\u0430\u0431\u043e\u0442\u043d\u0443\u044e \u043f\u043b\u0430\u0442\u0443 \u043d\u0430 \u043d\u0435\u0434\u0435\u043b\u044e. \u0420\u0430\u0431\u043e\u0442\u043d\u0438\u043a \u043f\u0440\u0438\u043d\u0438\u043c\u0430\u0435\u0442 \u0440\u0435\u0448\u0435\u043d\u0438\u0435 \u043d\u0435 \u0432\u044b\u0445\u043e\u0434\u0438\u0442\u044c \u0431\u043e\u043b\u044c\u0448\u0435 \u043d\u0430 \u0440\u0430\u0431\u043e\u0442\u0443 \u0434\u043e \u0440\u0430\u0437\u0440\u0435\u0448\u0435\u043d\u0438\u044f \u0441\u0438\u0442\u0443\u0430\u0446\u0438\u0438. \u041f\u0440\u0430\u0432 \u043b\u0438 \u043e\u043d?"}}, {"model": "main.question", "pk": 14, "fields": {"test": 2, "order_by": 10, "text": "\u041e\u0434\u0438\u043d \u0438\u0437 \u0412\u0430\u0448\u0438\u0445 \u043a\u043e\u043b\u043b\u0435\u0433 \u0437\u0430\u0431\u043e\u043b\u0435\u043b. \u0420\u0430\u0431\u043e\u0442\u043e\u0434\u0430\u0442\u0435\u043b\u044c \u0442\u0440\u0435\u0431\u0443\u0435\u0442, \u0447\u0442\u043e\u0431\u044b \u0432\u044b \u043f\u043e\u043c\u0438\u043c\u043e \u0441\u0432\u043e\u0435\u0439 \u0440\u0430\u0431\u043e\u0442\u044b \u0432\u044b\u043f\u043e\u043b\u043d\u044f\u043b\u0438 \u0438 \u0435\u0433\u043e \u043e\u0431\u044f\u0437\u0430\u043d\u043d\u043e\u0441\u0442\u0438, \u043e\u0431\u044a\u044f\u0441\u043d\u044f\u044f \u044d\u0442\u043e \u043f\u0440\u043e\u0438\u0437\u0432\u043e\u0434\u0441\u0442\u0432\u0435\u043d\u043d\u043e\u0439 \u043d\u0435\u043e\u0431\u0445\u043e\u0434\u0438\u043c\u043e\u0441\u0442\u044c\u044e. \u0412\u0430\u0448\u0438 \u0434\u0435\u0439\u0441\u0442\u0432\u0438\u044f?"}}, {"model": "main.question", "pk": 15, "fields": {"test": 2, "order_by": 10, "text": "\u041f\u043e\u0441\u043b\u0435 \u0437\u0430\u043a\u043b\u044e\u0447\u0435\u043d\u0438\u044f \u0442\u0440\u0443\u0434\u043e\u0432\u043e\u0433\u043e \u0434\u043e\u0433\u043e\u0432\u043e\u0440\u0430 \u0440\u0435\u043a\u0432\u0438\u0437\u0438\u0442\u044b \u043e\u0440\u0433\u0430\u043d\u0438\u0437\u0430\u0446\u0438\u0438 (\u0435\u0435 \u043d\u0430\u0437\u0432\u0430\u043d\u0438\u0435, \u0418\u041d\u041d) \u0438\u0437\u043c\u0435\u043d\u0438\u043b\u0438\u0441\u044c. \u041f\u0440\u0438 \u0443\u0432\u043e\u043b\u044c\u043d\u0435\u043d\u0438\u0438 \u0440\u0430\u0431\u043e\u0442\u043d\u0438\u043a\u0430 \u043f\u043e \u0441\u043e\u043a\u0440\u0430\u0449\u0435\u043d\u0438\u044e \u0448\u0442\u0430\u0442\u043e\u0432 \u0440\u0430\u0431\u043e\u0442\u043e\u0434\u0430\u0442\u0435\u043b\u044c \u043e\u0442\u043a\u0430\u0437\u044b\u0432\u0430\u0435\u0442\u0441\u044f \u0432\u044b\u043f\u043b\u0430\u0447\u0438\u0432\u0430\u0442\u044c \u0432\u044b\u0445\u043e\u0434\u043d\u043e\u0435 \u043f\u043e\u0441\u043e\u0431\u0438\u0435, \u043e\u0431\u044a\u044f\u0441\u043d\u044f\u044f \u044d\u0442\u043e \u0442\u0435\u043c, \u0447\u0442\u043e \u0442\u0440\u0443\u0434\u043e\u0432\u043e\u0439 \u0434\u043e\u0433\u043e\u0432\u043e\u0440 \u0431\u044b\u043b \u0437\u0430\u043a\u043b\u044e\u0447\u0435\u043d \u0444\u043e\u0440\u043c\u0430\u043b\u044c\u043d\u043e \"\u0441 \u0434\u0440\u0443\u0433\u043e\u0439 \u043e\u0440\u0433\u0430\u043d\u0438\u0437\u0430\u0446\u0438\u0435\u0439\" \u0438 \"\u043d\u0430\u0434\u043e \u0431\u044b\u043b\u043e \u0432\u043e\u0432\u0440\u0435\u043c\u044f \u043f\u0435\u0440\u0435\u043e\u0444\u043e\u0440\u043c\u0438\u0442\u044c \u0434\u043e\u0433\u043e\u0432\u043e\u0440\". \u041f\u0440\u0430\u0432 \u043b\u0438 \u043e\u043d?"}}, {"model": "main.question", "pk": 16, "fields": {"test": 2, "order_by": 10, "text": "\u0412\u044b \u043f\u043e\u043b\u0443\u0447\u0438\u043b\u0438 \u043f\u043e\u0432\u044b\u0448\u0435\u043d\u0438\u0435 \u043f\u043e \u0441\u043b\u0443\u0436\u0431\u0435. \u0412\u0430\u0448 \u043d\u0430\u0447\u0430\u043b\u044c\u043d\u0438\u043a \u0442\u0440\u0435\u0431\u0443\u0435\u0442 \u043e\u0442 \u0412\u0430\u0441 \u0441\u0434\u0435\u043b\u0430\u0442\u044c \u043d\u0435\u043a\u0443\u044e \u0441\u0440\u043e\u0447\u043d\u0443\u044e \u0440\u0430\u0431\u043e\u0442\u0443 \u043f\u043e\u0441\u043b\u0435 \u043e\u043a\u043e\u043d\u0447\u0430\u043d\u0438\u044f \u0440\u0430\u0431\u043e\u0447\u0435\u0433\u043e \u0432\u0440\u0435\u043c\u0435\u043d\u0438, \u043e\u0431\u044a\u044f\u0441\u043d\u044f\u044f \u044d\u0442\u043e \u0442\u0435\u043c, \u0447\u0442\u043e \"\u0443 \u0432\u0441\u0435\u0445 \u0440\u0443\u043a\u043e\u0432\u043e\u0434\u044f\u0449\u0438\u0445 \u0440\u0430\u0431\u043e\u0442\u043d\u0438\u043a\u043e\u0432 \u043d\u0435\u043d\u043e\u0440\u043c\u0438\u0440\u043e\u0432\u0430\u043d\u043d\u044b\u0439 \u0440\u0430\u0431\u043e\u0447\u0438\u0439 \u0434\u0435\u043d\u044c\". \u041f\u0440\u0430\u0432 \u043b\u0438 \u043e\u043d?"}}, {"model": "main.question", "pk": 17, "fields": {"test": 2, "order_by": 10, "text": "\u041d\u0430 \u043e\u0431\u0449\u0435\u043c \u0441\u043e\u0431\u0440\u0430\u043d\u0438\u0438 \u0440\u0443\u043a\u043e\u0432\u043e\u0434\u0438\u0442\u0435\u043b\u044c \u043e\u0431\u044a\u044f\u0432\u0438\u043b, \u0447\u0442\u043e \u0432 \u0441\u0432\u044f\u0437\u0438 \u0441 \u0444\u0438\u043d\u0430\u043d\u0441\u043e\u0432\u044b\u043c\u0438 \u0442\u0440\u0443\u0434\u043d\u043e\u0441\u0442\u044f\u043c\u0438 \u043f\u0440\u0435\u0434\u043f\u0440\u0438\u044f\u0442\u0438\u0435 \u0437\u0430\u043a\u0440\u044b\u0432\u0430\u0435\u0442\u0441\u044f \u0438 \u043e\u043d \u0433\u0430\u0440\u0430\u043d\u0442\u0438\u0440\u0443\u0435\u0442 \u0442\u043e\u043b\u044c\u043a\u043e \u0432\u044b\u043f\u043b\u0430\u0442\u0443 \u0437\u0430\u0440\u0430\u0431\u043e\u0442\u043d\u043e\u0439 \u043f\u043b\u0430\u0442\u044b \u0437\u0430 \u0442\u0435\u043a\u0443\u0449\u0438\u0439 \u043c\u0435\u0441\u044f\u0446 \u0438 \u043a\u043e\u043c\u043f\u0435\u043d\u0441\u0430\u0446\u0438\u044e \u043d\u0435\u0438\u0441\u043f\u043e\u043b\u044c\u0437\u043e\u0432\u0430\u043d\u043d\u043e\u0433\u043e \u043e\u0442\u043f\u0443\u0441\u043a\u0430. \u0415\u0441\u043b\u0438 \u0440\u0430\u0431\u043e\u0442\u043d\u0438\u043a\u0438 \u043d\u0435 \u0441\u043e\u0433\u043b\u0430\u0441\u044f\u0442\u0441\u044f \u043d\u0430 \u044d\u0442\u0438 \u0443\u0441\u043b\u043e\u0432\u0438\u044f, \u0440\u0443\u043a\u043e\u0432\u043e\u0434\u0441\u0442\u0432\u043e \u043d\u0430\u0447\u043d\u0435\u0442 \u043f\u0440\u043e\u0446\u0435\u0434\u0443\u0440\u0443 \u0431\u0430\u043d\u043a\u0440\u043e\u0442\u0441\u0442\u0432\u0430, \"\u0438 \u0432\u044b \u0432\u0441\u0435 \u0440\u0430\u0432\u043d\u043e \u043d\u0438\u0447\u0435\u0433\u043e \u043d\u0435 \u043f\u043e\u043b\u0443\u0447\u0438\u0442\u0435\". \u0412\u0430\u0448\u0438 \u0434\u0435\u0439\u0441\u0442\u0432\u0438\u044f?"}}, {"model": "main.question", "pk": 18, "fields": {"test": 2, "order_by": 10, "text": "\u0420\u0430\u0431\u043e\u0442\u043d\u0438\u043a \u0443\u0441\u0442\u0440\u043e\u0438\u043b\u0441\u044f \u043d\u0430 \u0440\u0430\u0431\u043e\u0442\u0443 2 \u043c\u0435\u0441\u044f\u0446\u0430 \u043d\u0430\u0437\u0430\u0434. \u041f\u043e \u043d\u0435\u043a\u043e\u0442\u043e\u0440\u044b\u043c \u043e\u0431\u0441\u0442\u043e\u044f\u0442\u0435\u043b\u044c\u0441\u0442\u0432\u0430\u043c \u043e\u043d \u043f\u0440\u043e\u0441\u0438\u0442 \u0440\u0443\u043a\u043e\u0432\u043e\u0434\u0441\u0442\u0432\u043e \u043f\u0440\u0435\u0434\u043e\u0441\u0442\u0430\u0432\u0438\u0442\u044c \u0435\u043c\u0443 \u043e\u043f\u043b\u0430\u0447\u0438\u0432\u0430\u0435\u043c\u044b\u0439 \u043e\u0442\u043f\u0443\u0441\u043a \u043f\u0440\u043e\u0434\u043e\u043b\u0436\u0438\u0442\u0435\u043b\u044c\u043d\u043e\u0441\u0442\u044c\u044e 3 \u0434\u043d\u044f. \u0417\u0430\u043a\u043e\u043d\u043d\u0430 \u043b\u0438 \u0435\u0433\u043e \u043f\u0440\u043e\u0441\u044c\u0431\u0430?"}}, {"model": "main.question", "pk": 19, "fields": {"test": 2, "order_by": 10, "text": "\u041c\u043e\u0436\u0435\u0442 \u043b\u0438 \u0440\u0430\u0431\u043e\u0442\u043d\u0438\u043a \u0442\u0440\u0435\u0431\u043e\u0432\u0430\u0442\u044c \u0443\u0441\u0442\u0430\u043d\u043e\u0432\u043b\u0435\u043d\u0438\u044f \u043c\u0435\u043d\u044c\u0448\u0435\u0433\u043e \u0438\u0441\u043f\u044b\u0442\u0430\u0442\u0435\u043b\u044c\u043d\u043e\u0433\u043e \u0441\u0440\u043e\u043a\u0430 \u043f\u0440\u0438 \u043f\u0440\u0438\u0435\u043c\u0435 \u043d\u0430 \u0440\u0430\u0431\u043e\u0442\u0443?"}}, {"model": "main.question", "pk": 20, "fields": {"test": 2, "order_by": 10, "text": "\u041c\u043e\u0436\u043d\u043e \u043b\u0438 \u0440\u0430\u0441\u0442\u043e\u0440\u0433\u043d\u0443\u0442\u044c \u043f\u043e \u0441\u043e\u0433\u043b\u0430\u0448\u0435\u043d\u0438\u044e \u0441\u0442\u043e\u0440\u043e\u043d \u0442\u0440\u0443\u0434\u043e\u0432\u043e\u0439 \u0434\u043e\u0433\u043e\u0432\u043e\u0440, \u0437\u0430\u043a\u043b\u044e\u0447\u0435\u043d\u043d\u044b\u0439 \u043d\u0430 \u043d\u0435\u043e\u043f\u0440\u0435\u0434\u0435\u043b\u0435\u043d\u043d\u044b\u0439 \u0441\u0440\u043e\u043a?"}}, {"model": "main.answer", "pk": 1, "fields": {"weight": 10, "question": 3, "title": "\u0434\u043e\u043f\u0443\u0441\u043a\u0430\u0435\u0442\u0441\u044f"}}, {"model": "main.answer", "pk": 2, "fields": {"weight": 0, "question": 3, "title": "\u0437\u0430\u043f\u0440\u0435\u0449\u0430\u0435\u0442\u0441\u044f"}}, {"model": "main.answer", "pk": 3, "fields": {"weight": 0, "question": 3, "title": "\u0434\u043e\u043f\u0443\u0441\u043a\u0430\u0435\u0442\u0441\u044f \u0442\u043e\u043b\u044c\u043a\u043e \u0434\u043b\u044f \u0433\u0440\u0430\u0436\u0434\u0430\u043d \u043d\u0435\u043a\u043e\u0442\u043e\u0440\u044b\u0445 \u0433\u043e\u0441\u0443\u0434\u0430\u0440\u0441\u0442\u0432"}}, {"model": "main.answer", "pk": 4, "fields": {"weight": 0, "question": 2, "title": "\u0420\u043e\u0441\u0441\u0438\u0439\u0441\u043a\u0430\u044f \u0424\u0435\u0434\u0435\u0440\u0430\u0446\u0438\u044f"}}, {"model": "main.answer", "pk": 5, "fields": {"weight": 0, "question": 2, "title": "\u0420\u043e\u0441\u0441\u0438\u044f"}}, {"model": "main.answer", "pk": 6, "fields": {"weight": 10, "question": 2, "title": "\u043e\u0431\u0430 \u0432\u0430\u0440\u0438\u0430\u043d\u0442\u0430 \u0434\u043e\u043f\u0443\u0441\u0442\u0438\u043c\u044b"}}, {"model": "main.answer", "pk": 7, "fields": {"weight": 0, "question": 1, "title": "\u0445\u0440\u0438\u0441\u0442\u0438\u0430\u043d\u0441\u0442\u0432\u043e"}}, {"model": "main.answer", "pk": 8, "fields": {"weight": 0, "question": 1, "title": "\u043f\u0440\u0430\u0432\u043e\u0441\u043b\u0430\u0432\u0438\u0435"}}, {"model": "main.answer", "pk": 9, "fields": {"weight": 0, "question": 1, "title": "\u0438\u0441\u043b\u0430\u043c"}}, {"model": "main.answer", "pk": 10, "fields": {"weight": 10, "question": 1, "title": "\u043d\u0438 \u043e\u0434\u043d\u0430 \u0438\u0437 \u043f\u0435\u0440\u0435\u0447\u0438\u0441\u043b\u0435\u043d\u043d\u044b\u0445"}}, {"model": "main.answer", "pk": 11, "fields": {"weight": 10, "question": 4, "title": "\u041a\u043e\u043d\u0441\u0442\u0438\u0442\u0443\u0446\u0438\u0435\u0439 \u0420\u0424"}}, {"model": "main.answer", "pk": 12, "fields": {"weight": 0, "question": 4, "title": "\u0422\u0440\u0443\u0434\u043e\u0432\u044b\u043c \u041a\u043e\u0434\u0435\u043a\u0441\u043e\u043c \u0420\u0424"}}, {"model": "main.answer", "pk": 13, "fields": {"weight": 0, "question": 4, "title": "\u0442\u0440\u0443\u0434\u043e\u0432\u044b\u043c \u0434\u043e\u0433\u043e\u0432\u043e\u0440\u043e\u043c"}}, {"model": "main.answer", "pk": 14, "fields": {"weight": 0, "question": 5, "title": "\u0432\u0441\u0435 \u0440\u0430\u0432\u043d\u043e \u043f\u0440\u0438\u043c\u0435\u043d\u044f\u0435\u0442\u0441\u044f, \u0438 \u0435\u0433\u043e \u043d\u0435\u0437\u043d\u0430\u043d\u0438\u0435 \u043d\u0435 \u043e\u0441\u0432\u043e\u0431\u043e\u0436\u0434\u0430\u0435\u0442 \u043e\u0442 \u043e\u0442\u0432\u0435\u0442\u0441\u0442\u0432\u0435\u043d\u043d\u043e\u0441\u0442\u0438"}}, {"model": "main.answer", "pk": 15, "fields": {"weight": 10, "question": 5, "title": "\u043d\u0435 \u043f\u0440\u0438\u043c\u0435\u043d\u044f\u0435\u0442\u0441\u044f"}}, {"model": "main.answer", "pk": 16, "fields": {"weight": 0, "question": 5, "title": "\u043f\u0440\u0438\u043c\u0435\u043d\u044f\u0435\u0442\u0441\u044f \u0441 \u043e\u0433\u0440\u0430\u043d\u0438\u0447\u0435\u043d\u0438\u044f\u043c\u0438"}}, {"model": "main.answer", "pk": 17, "fields": {"weight": 0, "question": 6, "title": "\u0441\u043c\u043e\u0436\u0435\u0442"}}, {"model": "main.answer", "pk": 18, "fields": {"weight": 10, "question": 6, "title": "\u043d\u0435 \u0441\u043c\u043e\u0436\u0435\u0442"}}, {"model": "main.answer", "pk": 20, "fields": {"weight": 10, "question": 7, "title": "\u043c\u043e\u0436\u0435\u0442"}}, {"model": "main.answer", "pk": 21, "fields": {"weight": 0, "question": 7, "title": "\u043d\u0435 \u043c\u043e\u0436\u0435\u0442"}}, {"model": "main.answer", "pk": 22, "fields": {"weight": 0, "question": 6, "title": "\u0441\u043c\u043e\u0436\u0435\u0442, \u0435\u0441\u043b\u0438 \u043f\u0440\u043e\u0439\u0434\u0435\u0442 \u0441\u043b\u0443\u0436\u0431\u0443 \u043f\u043e \u043a\u043e\u043d\u0442\u0440\u0430\u043a\u0442\u0443 \u0432 \u0412\u0421 \u0420\u043e\u0441\u0441\u0438\u0438"}}, {"model": "main.answer", "pk": 23, "fields": {"weight": 0, "question": 8, "title": "\u041f\u0440\u0435\u0437\u0438\u0434\u0435\u043d\u0442 \u0420\u043e\u0441\u0441\u0438\u0439\u0441\u043a\u043e\u0439 \u0424\u0435\u0434\u0435\u0440\u0430\u0446\u0438\u0438"}}, {"model": "main.answer", "pk": 24, "fields": {"weight": 0, "question": 8, "title": "\u041f\u0440\u0435\u0434\u0441\u0435\u0434\u0430\u0442\u0435\u043b\u044c \u041f\u0440\u0430\u0432\u0438\u0442\u0435\u043b\u044c\u0441\u0442\u0432\u0430 \u0420\u043e\u0441\u0441\u0438\u0439\u0441\u043a\u043e\u0439 \u0424\u0435\u0434\u0435\u0440\u0430\u0446\u0438\u0438"}}, {"model": "main.answer", "pk": 25, "fields": {"weight": 10, "question": 8, "title": "\u0441\u0442\u0430\u0440\u0435\u0439\u0448\u0438\u0439 \u043f\u043e \u0432\u043e\u0437\u0440\u0430\u0441\u0442\u0443 \u0434\u0435\u043f\u0443\u0442\u0430\u0442"}}, {"model": "main.answer", "pk": 26, "fields": {"weight": 0, "question": 9, "title": "\u0438\u043c\u0435\u0435\u0442"}}, {"model": "main.answer", "pk": 27, "fields": {"weight": 0, "question": 9, "title": "\u043d\u0435 \u0438\u043c\u0435\u0435\u0442"}}, {"model": "main.answer", "pk": 28, "fields": {"weight": 10, "question": 9, "title": "\u0438\u043c\u0435\u0435\u0442, \u043d\u043e \u0442\u043e\u043b\u044c\u043a\u043e \u0432 \u043e\u0441\u043e\u0431\u044b\u0445 \u0441\u043b\u0443\u0447\u0430\u044f\u0445"}}, {"model": "main.answer", "pk": 29, "fields": {"weight": 0, "question": 10, "title": "2 \u0433\u043e\u0434\u0430"}}, {"model": "main.answer", "pk": 30, "fields": {"weight": 10, "question": 10, "title": "1 \u0433\u043e\u0434"}}, {"model": "main.answer", "pk": 31, "fields": {"weight": 0, "question": 11, "title": "\u0441\u043e\u0433\u043b\u0430\u0448\u0443\u0441\u044c"}}, {"model": "main.answer", "pk": 32, "fields": {"weight": 0, "question": 11, "title": "\u043d\u0430\u043f\u0438\u0448\u0443 \u0437\u0430\u044f\u0432\u043b\u0435\u043d\u0438\u0435 \u043e\u0431 \u0443\u0432\u043e\u043b\u044c\u043d\u0435\u043d\u0438\u0438 \u043f\u043e \u0441\u043e\u0431\u0441\u0442\u0432\u0435\u043d\u043d\u043e\u043c\u0443 \u0436\u0435\u043b\u0430\u043d\u0438\u044e"}}, {"model": "main.answer", "pk": 33, "fields": {"weight": 5, "question": 11, "title": "\u043d\u0430\u043f\u0438\u0448\u0443 \u0436\u0430\u043b\u043e\u0431\u0443 \u0432 \u0442\u0440\u0443\u0434\u043e\u0432\u0443\u044e \u0438\u043d\u0441\u043f\u0435\u043a\u0446\u0438\u044e"}}, {"model": "main.answer", "pk": 34, "fields": {"weight": 10, "question": 11, "title": "\u043f\u043e\u0442\u0440\u0435\u0431\u0443\u044e \u0438\u0437\u043c\u0435\u043d\u0438\u0442\u044c \u0434\u0430\u0442\u0443 \u0444\u0430\u043a\u0442\u0438\u0447\u0435\u0441\u043a\u043e\u0433\u043e \u043f\u0435\u0440\u0435\u0445\u043e\u0434\u0430 \u043d\u0430 \u0441\u043e\u043a\u0440\u0430\u0449\u0435\u043d\u043d\u0443\u044e \u0440\u0430\u0431\u043e\u0447\u0443\u044e \u043d\u0435\u0434\u0435\u043b\u044e"}}, {"model": "main.answer", "pk": 35, "fields": {"weight": 10, "question": 12, "title": "\u0431\u0443\u0434\u0443 \u0438\u0441\u043a\u0430\u0442\u044c \u0434\u0440\u0443\u0433\u043e\u0435 \u043c\u0435\u0441\u0442\u043e \u0440\u0430\u0431\u043e\u0442\u044b"}}, {"model": "main.answer", "pk": 36, "fields": {"weight": 0, "question": 12, "title": "\u043e\u0431\u0440\u0430\u0449\u0443\u0441\u044c \u0432 \u0442\u0440\u0443\u0434\u043e\u0432\u0443\u044e \u0438\u043d\u0441\u043f\u0435\u043a\u0446\u0438\u044e \u0441 \u0436\u0430\u043b\u043e\u0431\u043e\u0439"}}, {"model": "main.answer", "pk": 37, "fields": {"weight": 0, "question": 12, "title": "\u043e\u0431\u0440\u0430\u0449\u0443\u0441\u044c \u0432 \u0441\u0443\u0434"}}, {"model": "main.answer", "pk": 38, "fields": {"weight": 0, "question": 13, "title": "\u043f\u0440\u0430\u0432"}}, {"model": "main.answer", "pk": 39, "fields": {"weight": 10, "question": 13, "title": "\u043d\u0435 \u043f\u0440\u0430\u0432"}}, {"model": "main.answer", "pk": 40, "fields": {"weight": 5, "question": 14, "title": "\u0431\u0443\u0434\u0443 \u0432\u044b\u043f\u043e\u043b\u043d\u044f\u0442\u044c \u043e\u0431\u044f\u0437\u0430\u043d\u043d\u043e\u0441\u0442\u0438 \u043a\u043e\u043b\u043b\u0435\u0433\u0438"}}, {"model": "main.answer", "pk": 41, "fields": {"weight": 10, "question": 14, "title": "\u043f\u043e\u0442\u0440\u0435\u0431\u0443\u044e \u043f\u0438\u0441\u044c\u043c\u0435\u043d\u043d\u043e\u0433\u043e \u043e\u0444\u043e\u0440\u043c\u043b\u0435\u043d\u0438\u044f \u0434\u043e\u043f\u043e\u043b\u043d\u0438\u0442\u0435\u043b\u044c\u043d\u043e\u0433\u043e \u0441\u043e\u0433\u043b\u0430\u0448\u0435\u043d\u0438\u044f \u0441 \u0441\u043e\u043e\u0442\u0432\u0435\u0442\u0441\u0442\u0432\u0443\u044e\u0449\u0435\u0439 \u043e\u043f\u043b\u0430\u0442\u043e\u0439"}}, {"model": "main.answer", "pk": 42, "fields": {"weight": 10, "question": 14, "title": "\u043e\u0442\u043a\u0430\u0436\u0443\u0441\u044c"}}, {"model": "main.answer", "pk": 43, "fields": {"weight": 0, "question": 15, "title": "\u043f\u0440\u0430\u0432"}}, {"model": "main.answer", "pk": 44, "fields": {"weight": 10, "question": 15, "title": "\u043d\u0435 \u043f\u0440\u0430\u0432"}}, {"model": "main.answer", "pk": 45, "fields": {"weight": 0, "question": 16, "title": "\u043f\u0440\u0430\u0432"}}, {"model": "main.answer", "pk": 46, "fields": {"weight": 0, "question": 16, "title": "\u043d\u0435 \u043f\u0440\u0430\u0432"}}, {"model": "main.answer", "pk": 47, "fields": {"weight": 10, "question": 16, "title": "\u0432\u043e\u0437\u043c\u043e\u0436\u043d\u043e, \u0447\u0442\u043e \u043f\u0440\u0430\u0432"}}, {"model": "main.answer", "pk": 48, "fields": {"weight": 0, "question": 17, "title": "\u0441\u043e\u0433\u043b\u0430\u0441\u0438\u0442\u044c\u0441\u044f \u043d\u0430 \u0443\u0441\u043b\u043e\u0432\u0438\u044f \u0440\u0430\u0431\u043e\u0442\u043e\u0434\u0430\u0442\u0435\u043b\u044f"}}, {"model": "main.answer", "pk": 49, "fields": {"weight": 10, "question": 17, "title": "\u043f\u0440\u043e\u0434\u043e\u043b\u0436\u0430\u0442\u044c \u0432\u044b\u043f\u043e\u043b\u043d\u044f\u0442\u044c \u0441\u0432\u043e\u0438 \u043e\u0431\u044f\u0437\u0430\u043d\u043d\u043e\u0441\u0442\u0438"}}, {"model": "main.answer", "pk": 50, "fields": {"weight": 0, "question": 17, "title": "\u043e\u0431\u0440\u0430\u0442\u0438\u0442\u044c\u0441\u044f \u0432 \u0441\u0443\u0434"}}, {"model": "main.answer", "pk": 51, "fields": {"weight": 10, "question": 18, "title": "\u0437\u0430\u043a\u043e\u043d\u043d\u0430"}}, {"model": "main.answer", "pk": 52, "fields": {"weight": 0, "question": 18, "title": "\u043d\u0435 \u0437\u0430\u043a\u043e\u043d\u043d\u0430"}}, {"model": "main.answer", "pk": 53, "fields": {"weight": 10, "question": 19, "title": "\u043c\u043e\u0436\u0435\u0442"}}, {"model": "main.answer", "pk": 54, "fields": {"weight": 0, "question": 19, "title": "\u043d\u0435 \u043c\u043e\u0436\u0435\u0442"}}, {"model": "main.answer", "pk": 55, "fields": {"weight": 10, "question": 20, "title": "\u043c\u043e\u0436\u043d\u043e"}}, {"model": "main.answer", "pk": 56, "fields": {"weight": 0, "question": 20, "title": "\u043d\u0435\u043b\u044c\u0437\u044f"}}, {"model": "main.usertestresult", "pk": 1, "fields": {"data": "{\"2\":\"10\",\"3\":\"0\",\"1\":\"0\"}", "datetime": "2015-10-28", "test": 1, "user": 1}}, {"model": "main.usertestresult", "pk": 2, "fields": {"data": "{\"4\":\"0\",\"5\":\"10\",\"2\":\"0\",\"3\":\"0\",\"1\":\"10\"}", "datetime": "2015-10-28", "test": 1, "user": 1}}, {"model": "main.usertestresult", "pk": 3, "fields": {"data": "{\"4\":\"10\",\"9\":\"10\",\"6\":\"0\",\"7\":\"0\",\"1\":\"10\",\"10\":\"10\",\"5\":\"0\",\"2\":\"10\",\"3\":\"10\",\"8\":\"0\"}", "datetime": "2015-10-29", "test": 1, "user": 1}}, {"model": "main.usertestresult", "pk": 4, "fields": {"data": "{\"11\":\"5\"}", "datetime": "2015-10-29", "test": 2, "user": 1}}, {"model": "main.usertestresult", "pk": 5, "fields": {"data": "{\"max\":60,\"data\":{\"12\":\"10\",\"15\":\"10\",\"14\":\"10\",\"11\":\"10\",\"16\":\"10\",\"13\":\"10\"},\"users\":60}", "datetime": "2015-10-29", "test": 2, "user": 1}}, {"model": "main.usertestresult", "pk": 6, "fields": {"data": "{\"max\":100,\"data\":{\"6\":\"0\",\"4\":\"10\",\"9\":\"10\",\"10\":\"10\",\"7\":\"10\",\"1\":\"10\",\"5\":\"10\",\"2\":\"10\",\"3\":\"10\",\"8\":\"10\"},\"users\":90}", "datetime": "2015-11-02", "test": 1, "user": 1}}]